dblp_index,acm_index
001f4220e64d0f13203ed82f3e3a186e,001f4220e64d0f13203ed82f3e3a186e
006d926afcffe9d4d784427e88a0ac50,006d926afcffe9d4d784427e88a0ac50
00751861b1d1455f1ce988a5c6dbe203,00751861b1d1455f1ce988a5c6dbe203
0078a2fd8fa22ba5e46bccdab985ebf7,0078a2fd8fa22ba5e46bccdab985ebf7
008039678db488de0a81c3095ffecdb0,008039678db488de0a81c3095ffecdb0
00af55c4821a4fec8d5a02e6d5308f4a,00af55c4821a4fec8d5a02e6d5308f4a
00db70d4f96a0a6a402da312fbd074cf,00db70d4f96a0a6a402da312fbd074cf
016b3358cc7e56a1ebc76cc892f17d03,016b3358cc7e56a1ebc76cc892f17d03
017ddfeefe49135f5dbe3ed1ead3e748,017ddfeefe49135f5dbe3ed1ead3e748
01816a52eb727b5510e55af44fb6c109,01816a52eb727b5510e55af44fb6c109
01859e6ee209fa0e2e95fdf1bf16a55a,01859e6ee209fa0e2e95fdf1bf16a55a
0226cba2487f40889e691ad91cac5fbb,0226cba2487f40889e691ad91cac5fbb
022de90539dd689cda205f8acdc449c8,022de90539dd689cda205f8acdc449c8
02769b21c41ae5bd8884c509fc7e34fb,02769b21c41ae5bd8884c509fc7e34fb
038f1a21d3ace54becf49681ae88f443,038f1a21d3ace54becf49681ae88f443
03db307eb2cb9c361466e7a8da452da0,03db307eb2cb9c361466e7a8da452da0
03f2813742b2361f2d3bdf3e2ba2b5f0,03f2813742b2361f2d3bdf3e2ba2b5f0
045074aa811dcd5c07e3d7570604216e,045074aa811dcd5c07e3d7570604216e
04e96d149f3e8986cba8c5b797f4941f,04e96d149f3e8986cba8c5b797f4941f
0502cbd910bf1eb184bfa427f7367d40,0502cbd910bf1eb184bfa427f7367d40
051265f05d6968eb46bde70f0b9e72d7,051265f05d6968eb46bde70f0b9e72d7
05156b3b83a887aacb2bff992276c1b4,05156b3b83a887aacb2bff992276c1b4
053496fc60a6da34f2e17b0dc3264b61,053496fc60a6da34f2e17b0dc3264b61
055418f05ef20ee7b310dbe534ceb969,055418f05ef20ee7b310dbe534ceb969
05627db7e3de2d93b54c347be8e98014,05627db7e3de2d93b54c347be8e98014
05f25ced695ef0a242081c0db46d1483,05f25ced695ef0a242081c0db46d1483
0658ed988b41a87ef8148e9e01c5661a,0658ed988b41a87ef8148e9e01c5661a
06a3af8c4b5d75e19c8ccce22b573671,06a3af8c4b5d75e19c8ccce22b573671
06b3c60317d4601041f7e16109d1de73,06b3c60317d4601041f7e16109d1de73
06d2b16c20af1e9d820958be5dffe569,06d2b16c20af1e9d820958be5dffe569
06db934a24a1cc2167485582b6b97834,06db934a24a1cc2167485582b6b97834
06fbb6f7c086d6f0e0fff831412031f7,06fbb6f7c086d6f0e0fff831412031f7
0747e3de9fae5d679256202a1432a2d1,0747e3de9fae5d679256202a1432a2d1
076ff660e00a2edf2fd792ddedb91a57,076ff660e00a2edf2fd792ddedb91a57
08048240c0dceacf96c886cb7eedc749,08048240c0dceacf96c886cb7eedc749
081aac0a537bc9d4742a8722d16df14b,081aac0a537bc9d4742a8722d16df14b
0839e7b84b62af7ddf7456fa4fe85a2b,0839e7b84b62af7ddf7456fa4fe85a2b
085d4beb5e5316dab4cff1479b3012d7,085d4beb5e5316dab4cff1479b3012d7
08c5aa2c3e73dfa488d433d86637abd4,08c5aa2c3e73dfa488d433d86637abd4
0938bbb5bf545e38dadd0d4719a6ca8c,0938bbb5bf545e38dadd0d4719a6ca8c
09423b8088e695a75b721bfeed10fd40,09423b8088e695a75b721bfeed10fd40
094e58d1b5e5fda83061ff19fc9c06cf,094e58d1b5e5fda83061ff19fc9c06cf
0998bd8efd1dc5420997aca16643f3d1,0998bd8efd1dc5420997aca16643f3d1
09f0a592a13a1a4a7791202f9d583264,09f0a592a13a1a4a7791202f9d583264
0ababe35405ff419c8d2ea82b1f3facc,0ababe35405ff419c8d2ea82b1f3facc
0ac7c209aafd1ae3eb75ef471e18175e,0ac7c209aafd1ae3eb75ef471e18175e
0aebc27cca1155aefb706d87ae5e89a4,0aebc27cca1155aefb706d87ae5e89a4
0b7e0cbb80de0cd1f490ca1b80fa9a2c,0b7e0cbb80de0cd1f490ca1b80fa9a2c
0b8a6d439b19c81ea24d7bab3c82f631,0b8a6d439b19c81ea24d7bab3c82f631
0b8aedcbcd7f077a2d597ef361690970,0b8aedcbcd7f077a2d597ef361690970
0c223c15f85454c94b4365cc5958752d,0c223c15f85454c94b4365cc5958752d
0c5701bb78f1314fbcaf6631a7c67fa7,0c5701bb78f1314fbcaf6631a7c67fa7
0d2791a92ea261f70a4b35c65841e389,0d2791a92ea261f70a4b35c65841e389
0d71a75b703e7c7bb29a4f5f526c3add,0d71a75b703e7c7bb29a4f5f526c3add
0dcd3c8a18e50e9aefa3a8d90dcd91a3,0dcd3c8a18e50e9aefa3a8d90dcd91a3
0de08b4dd9a600cd827c37de52fec704,0de08b4dd9a600cd827c37de52fec704
0e318d5a8866ccd4fa6b009d932e6ac8,0e318d5a8866ccd4fa6b009d932e6ac8
0e3a79faf57e93fee52dfd4819ec197e,0e3a79faf57e93fee52dfd4819ec197e
0e4e3e08c87b3b9976d9670b62ecf69f,0e4e3e08c87b3b9976d9670b62ecf69f
0ea4186546f192d9942943b1f932d0eb,0ea4186546f192d9942943b1f932d0eb
0ea8576d431c9b3796c788d667b6d060,0ea8576d431c9b3796c788d667b6d060
0ef5d1cc7403fbe4514322dbcabf61d4,0ef5d1cc7403fbe4514322dbcabf61d4
0f23a6f72c61fdc1612efdb858ca06b5,0f23a6f72c61fdc1612efdb858ca06b5
0f8819663ec984ac4d8a1135c92e13a1,0f8819663ec984ac4d8a1135c92e13a1
0ff361ae5b8fee89981358f4b72a4974,0ff361ae5b8fee89981358f4b72a4974
100c53800ad01eca6304c4fdab959727,100c53800ad01eca6304c4fdab959727
1025d10592d1732fec68ead47f626e02,1025d10592d1732fec68ead47f626e02
102b8dcedbea643fe2405bf8f2cc5825,102b8dcedbea643fe2405bf8f2cc5825
10488255f7abf52e16b159600f499557,10488255f7abf52e16b159600f499557
1084c33dea164b7e2bbacb96a065cbc9,1084c33dea164b7e2bbacb96a065cbc9
108fa9f5ba436598d2848f18291d6ce1,108fa9f5ba436598d2848f18291d6ce1
10fd48f22cda696bd758023332bf4bb9,10fd48f22cda696bd758023332bf4bb9
11181848cbc6104225d7c855a5748302,11181848cbc6104225d7c855a5748302
111d477d333bd29c10be9e9d4f013312,111d477d333bd29c10be9e9d4f013312
114f77414f6c0b713ed976743f7de705,114f77414f6c0b713ed976743f7de705
11681b224ffe977a56a06bb02297597e,11681b224ffe977a56a06bb02297597e
11870b2922c3174fb801a999a9e078c7,11870b2922c3174fb801a999a9e078c7
11e13ded5a78912698c07676dad577dd,11e13ded5a78912698c07676dad577dd
11f0d464ef03153a0b67a6b74f3c3dae,11f0d464ef03153a0b67a6b74f3c3dae
12ecc784a0de9131726fe25396651610,12ecc784a0de9131726fe25396651610
133cb3b5290dad30599ec552a08aaccd,133cb3b5290dad30599ec552a08aaccd
1374f0a5adfccabbd9519bb5b8d09138,1374f0a5adfccabbd9519bb5b8d09138
1386205a2befb9a0c5f7ec07444faf9d,1386205a2befb9a0c5f7ec07444faf9d
13d4c19404fcccfd346a41317e9fd0c5,13d4c19404fcccfd346a41317e9fd0c5
140f6fe03f3877a9b0c0b952e3df4403,140f6fe03f3877a9b0c0b952e3df4403
143a5ba7bd4ebd62c978a77a980d081a,143a5ba7bd4ebd62c978a77a980d081a
147f584846467de2c4337511104e6899,147f584846467de2c4337511104e6899
1480031b5a398229fdf7847a8aef4879,1480031b5a398229fdf7847a8aef4879
1483b33ed51dee6e049aba0926407b15,1483b33ed51dee6e049aba0926407b15
14843231f7d59b8138ae67516390e9d9,14843231f7d59b8138ae67516390e9d9
1487f231ebb2977fe89cff0bed953b68,1487f231ebb2977fe89cff0bed953b68
14882e0d5e2b257982967ea1d9139364,14882e0d5e2b257982967ea1d9139364
14d5a38c015a94be75e84c9d02dd4b2b,14d5a38c015a94be75e84c9d02dd4b2b
1547740f069297c06434dd47802a1175,1547740f069297c06434dd47802a1175
1551025936ed41f3dfeb2f1354a8c21f,1551025936ed41f3dfeb2f1354a8c21f
1561be38c9ec39370d89fc930c66d59f,1561be38c9ec39370d89fc930c66d59f
1579f8bc3280210df444ca02d2778443,1579f8bc3280210df444ca02d2778443
15ecff0b7d29b841db15d121cad0967a,15ecff0b7d29b841db15d121cad0967a
15faa034161da7c0c86c91da12f0db26,15faa034161da7c0c86c91da12f0db26
1617abdc7cbc9f771898834ddfb42d26,1617abdc7cbc9f771898834ddfb42d26
164608cbbbcf7e30e4d02204bca75381,164608cbbbcf7e30e4d02204bca75381
16b9435411665b78955877ce909fcb17,16b9435411665b78955877ce909fcb17
16ff66c51ad00ef15bb0f057c0a2ab27,16ff66c51ad00ef15bb0f057c0a2ab27
17395f5e25b29d2c912fe24d7e21081e,17395f5e25b29d2c912fe24d7e21081e
1781f636221fcee97c0403756a65b817,1781f636221fcee97c0403756a65b817
17da52424cc4532d355f0eb8f309ed74,17da52424cc4532d355f0eb8f309ed74
17f2f8f3b736916520c27112548d41bc,17f2f8f3b736916520c27112548d41bc
1838d75a8973adfe5299d96d1a319f74,1838d75a8973adfe5299d96d1a319f74
185995c8aac6a9729168f2c842932382,185995c8aac6a9729168f2c842932382
18cecd645ba72462b9b2cabf179add50,18cecd645ba72462b9b2cabf179add50
18f571148d69619c6d5f0ed79c179249,18f571148d69619c6d5f0ed79c179249
191f0951b27d0e4213825369776b38ec,191f0951b27d0e4213825369776b38ec
1964173bee9edc7c9dd5ecab38e0eb1c,1964173bee9edc7c9dd5ecab38e0eb1c
196c5d9b26d1ce43aec963ba730e0150,196c5d9b26d1ce43aec963ba730e0150
1981345bec2f539f5c2934b2856b421b,1981345bec2f539f5c2934b2856b421b
199b8a9d64bef9a5f4bb173a55e202cc,199b8a9d64bef9a5f4bb173a55e202cc
19ddb42ebc272a56e520f93f555e753e,19ddb42ebc272a56e520f93f555e753e
1a05b72602c018cf50f132ebf7656b62,1a05b72602c018cf50f132ebf7656b62
1a3d36bfdc2b5b43b8a15efdab358086,1a3d36bfdc2b5b43b8a15efdab358086
1a4e77271b7598339e39d5b45f67335c,1a4e77271b7598339e39d5b45f67335c
1b7eed056c910a9820ac31f05e0c8427,1b7eed056c910a9820ac31f05e0c8427
1b9b74a46f7473623cff376272c593e7,1b9b74a46f7473623cff376272c593e7
1be61f0badda5e78c112171b9739b73d,1be61f0badda5e78c112171b9739b73d
1c2aeb3f959619a0b616eb3d32a39dc5,1c2aeb3f959619a0b616eb3d32a39dc5
1c54fff7d6569973c5b8ef9204cf0a90,1c54fff7d6569973c5b8ef9204cf0a90
1d0304dcedfbd0a00c39584406f519a2,1d0304dcedfbd0a00c39584406f519a2
1d471541451a42060f40d8339d12febd,1d471541451a42060f40d8339d12febd
1d6cd31f59f129f6a6acc67e0a29776e,1d6cd31f59f129f6a6acc67e0a29776e
1d857c41cdfc7740fba3eff8b4333a62,1d857c41cdfc7740fba3eff8b4333a62
1dc316ae48b6d553aaa368d47e5e8d7d,1dc316ae48b6d553aaa368d47e5e8d7d
1eb619a3f300607172dd295eef2964b1,1eb619a3f300607172dd295eef2964b1
1ebea91221c22abf279ad853743af4bd,1ebea91221c22abf279ad853743af4bd
1edef9e68d9c967a6aa5492cf9b1ee5c,1edef9e68d9c967a6aa5492cf9b1ee5c
1f4b11d9418e7f55c1c6c6b19c07fb27,1f4b11d9418e7f55c1c6c6b19c07fb27
1f69b8e2eb896dd8e8fa03e72760463a,1f69b8e2eb896dd8e8fa03e72760463a
1f9704328badb24a157edd5547e61f8f,1f9704328badb24a157edd5547e61f8f
206f193c355b88d63ea85e9db42005ef,206f193c355b88d63ea85e9db42005ef
208e34a42de67e0a9c90e64aa2f75bf6,208e34a42de67e0a9c90e64aa2f75bf6
209ce20697e36d30b9368874fd72e053,209ce20697e36d30b9368874fd72e053
20d0e8a937f1200b596d607833d2389c,20d0e8a937f1200b596d607833d2389c
2119319142425c3da2d960cc776dd39e,2119319142425c3da2d960cc776dd39e
21387a0fd4576a2572150edf2e4e6ef7,21387a0fd4576a2572150edf2e4e6ef7
215b003a96814e7bcc00a63bd27d0789,215b003a96814e7bcc00a63bd27d0789
21e07222dd6dfdd8054f22a62afa5c8c,21e07222dd6dfdd8054f22a62afa5c8c
21fd9febbbb6072ccb213abbfb4f7d72,21fd9febbbb6072ccb213abbfb4f7d72
2216fee4d61688a4f6021a0c0a36875f,2216fee4d61688a4f6021a0c0a36875f
22236e578371f6e3dd7acebc84d4e6ed,22236e578371f6e3dd7acebc84d4e6ed
2243707da957fde873c3ad1218690854,2243707da957fde873c3ad1218690854
22783c92b534b05779231c9ad4f0366f,22783c92b534b05779231c9ad4f0366f
22c26e15cded2da99095e411e7fe8ae3,22c26e15cded2da99095e411e7fe8ae3
22f711e4af1f560fc6372ed369878209,22f711e4af1f560fc6372ed369878209
237ec43edf20dd94ea7ba2ad02aa5392,237ec43edf20dd94ea7ba2ad02aa5392
239ec6c2de2d61342c540dea803f60ac,239ec6c2de2d61342c540dea803f60ac
23b37c9fb0bfed124e97ec96d8998c8b,23b37c9fb0bfed124e97ec96d8998c8b
23d2da127ee82312d5e74f96146b50dc,23d2da127ee82312d5e74f96146b50dc
24127fb1b15a83e9720095d8a72dca18,24127fb1b15a83e9720095d8a72dca18
242d40a1e9fc822c9eb0181ff516ab52,242d40a1e9fc822c9eb0181ff516ab52
244e1b10b7353e5b540ad7e620a831e8,244e1b10b7353e5b540ad7e620a831e8
24612190d9020d5d77bdd9ccb29a5ffa,24612190d9020d5d77bdd9ccb29a5ffa
2481c1a761b41c77153058b1d4a2e8b6,2481c1a761b41c77153058b1d4a2e8b6
24bf3ee93565caa4ca24832d7fc96bcf,24bf3ee93565caa4ca24832d7fc96bcf
250a5227c179876f73ba462217eff46d,250a5227c179876f73ba462217eff46d
251f3049417e47254e163c0892bba243,251f3049417e47254e163c0892bba243
25294a3e32f81d243a0c8cf9d781329c,25294a3e32f81d243a0c8cf9d781329c
257101cc31630ef018def8e67b40afb5,257101cc31630ef018def8e67b40afb5
25fb1306f59d09c472f44fb9ef8011a1,25fb1306f59d09c472f44fb9ef8011a1
260b51815eccd42d1f35c21fb5e92306,260b51815eccd42d1f35c21fb5e92306
261da96c9e15ce15e320041b386578e1,261da96c9e15ce15e320041b386578e1
265712626014ba93c8bef05655fe9c07,265712626014ba93c8bef05655fe9c07
26940b50e9ce7ddcc00f8be9a8432f5f,26940b50e9ce7ddcc00f8be9a8432f5f
26caa5ac26a0cbd2f0dab1bfe7276f64,26caa5ac26a0cbd2f0dab1bfe7276f64
2736b3c31a05a4245c6bfc51d8faa136,2736b3c31a05a4245c6bfc51d8faa136
2749612e286ac9d6d64b99baa63695eb,2749612e286ac9d6d64b99baa63695eb
2752a9070d68701d7999a2c0c0b1f223,2752a9070d68701d7999a2c0c0b1f223
2758d72f1c7ae9e9400e36bdd026d87a,2758d72f1c7ae9e9400e36bdd026d87a
275c28cff349609ef861244d5790ec85,275c28cff349609ef861244d5790ec85
2785368435daecbe4d789f0811f6d3af,2785368435daecbe4d789f0811f6d3af
27d2482454ee5167a5e1501128c44213,27d2482454ee5167a5e1501128c44213
280d844e0b10df0e07304f961baefe9f,280d844e0b10df0e07304f961baefe9f
2884435dca64635f725df4df7cf44f0e,2884435dca64635f725df4df7cf44f0e
28aeea7de0e1a03fc54abd5d498c218c,28aeea7de0e1a03fc54abd5d498c218c
2936dd4591fb4e0f38944d85dae20f98,2936dd4591fb4e0f38944d85dae20f98
29aa6066f00c164d7a9c6aebda334c78,29aa6066f00c164d7a9c6aebda334c78
29c2a96c0777af91f6f380a85aea49c2,29c2a96c0777af91f6f380a85aea49c2
2a0b6164aa4c84d400e93799178ff89a,2a0b6164aa4c84d400e93799178ff89a
2a1c3d62c846f15c78a732eb301c4d55,2a1c3d62c846f15c78a732eb301c4d55
2a7a477ad793c953ba3c45cd65b20995,2a7a477ad793c953ba3c45cd65b20995
2a802f7914098a856fed1eb1aa21b536,2a802f7914098a856fed1eb1aa21b536
2a8f8c4c5b52cca8dfda0a9f8acdd8b5,2a8f8c4c5b52cca8dfda0a9f8acdd8b5
2ae79f42edd3123cf1067b6e92c6b94c,2ae79f42edd3123cf1067b6e92c6b94c
2c514098ede70ddabc9eed663a327dbb,2c514098ede70ddabc9eed663a327dbb
2cbbd2e7965a4b0c0c7f1149c142ee7a,2cbbd2e7965a4b0c0c7f1149c142ee7a
2ce38346399111854707f48e759a15b6,2ce38346399111854707f48e759a15b6
2ce7c465fe4ec64b7864bf133bd46b71,2ce7c465fe4ec64b7864bf133bd46b71
2d35e96a1c174043dee6ac6e8cc1181a,2d35e96a1c174043dee6ac6e8cc1181a
2d5861c50d7e46343a589b76e16587e8,2d5861c50d7e46343a589b76e16587e8
2d9a4b62c7392160aa54424f176fac17,2d9a4b62c7392160aa54424f176fac17
2dc135bab294a7f711d6159117a7ddc3,2dc135bab294a7f711d6159117a7ddc3
2dca8584870fd21534dd1d59213d161d,2dca8584870fd21534dd1d59213d161d
2e2392b36015cbfc359d0bc68c0cba44,2e2392b36015cbfc359d0bc68c0cba44
2e294f8acf56cef44cfd9b9da9fa8fb4,2e294f8acf56cef44cfd9b9da9fa8fb4
2e518026e104a80586cc9d0ce3f9943c,2e518026e104a80586cc9d0ce3f9943c
2e7c0f7b6e6b5c3b09e49624417c685f,2e7c0f7b6e6b5c3b09e49624417c685f
2e948fea5e1ae8387d9e642cb4946ae0,2e948fea5e1ae8387d9e642cb4946ae0
2ea4f48e96364ecac73325b4d383810b,2ea4f48e96364ecac73325b4d383810b
2ecd9c7ac568628340df6a411edac391,2ecd9c7ac568628340df6a411edac391
2f3fce0068fea4f6c755868d75484c49,2f3fce0068fea4f6c755868d75484c49
2f94aeb60da366cf26a60133a480c1f6,2f94aeb60da366cf26a60133a480c1f6
2fd3b1f82757a0ca7d21522fbec26460,2fd3b1f82757a0ca7d21522fbec26460
30147c6427699fdc592dbb0051655c58,30147c6427699fdc592dbb0051655c58
3068bb2e39af26797f0d3c48afa2c888,3068bb2e39af26797f0d3c48afa2c888
309864795c4391baad8217c446170c3e,309864795c4391baad8217c446170c3e
30eb540c3aab3970b399af4a7529d6b4,30eb540c3aab3970b399af4a7529d6b4
310ae5cce534d0a1e706ff297de93953,310ae5cce534d0a1e706ff297de93953
3190c81740b5d6b1719d9082738de75f,3190c81740b5d6b1719d9082738de75f
31c7d07e47d81b6c5dd34a8b00fe083f,31c7d07e47d81b6c5dd34a8b00fe083f
3258559e3e6d9924ff6f2bd166c6ddd5,3258559e3e6d9924ff6f2bd166c6ddd5
32643cad3a89a662fd5662b687fa5f03,32643cad3a89a662fd5662b687fa5f03
33238a071f0370047ed7d26f30805146,33238a071f0370047ed7d26f30805146
342b8a2cc43d2ac8f0b15a1bbb53a632,342b8a2cc43d2ac8f0b15a1bbb53a632
3439fda22f8497579c8866aec8ecd37e,3439fda22f8497579c8866aec8ecd37e
348618436628645d90edb1c8a9db8149,348618436628645d90edb1c8a9db8149
34aa21a0e3ba639685525dc8239dbcfe,34aa21a0e3ba639685525dc8239dbcfe
35241b53aa67918d98dc0bdc67ea91be,35241b53aa67918d98dc0bdc67ea91be
3590094a0c883b043d3b5e65f90f82ed,3590094a0c883b043d3b5e65f90f82ed
35b4d18968697fde793f18efd3a5bcb4,35b4d18968697fde793f18efd3a5bcb4
360219881587032736e77603af8eb0a0,360219881587032736e77603af8eb0a0
3606800edd73254b5c6b548e901f51b4,3606800edd73254b5c6b548e901f51b4
372a2f25d2683add1bad77d2c30cebf5,372a2f25d2683add1bad77d2c30cebf5
376a55a51a52a00248282c29680be729,376a55a51a52a00248282c29680be729
377bf16d7d18cf110aab7f6eaa697604,377bf16d7d18cf110aab7f6eaa697604
3826aad040dfb7eb5df4ed3ad4035b31,3826aad040dfb7eb5df4ed3ad4035b31
382cd89b8abf1529f62648067b38426f,382cd89b8abf1529f62648067b38426f
385e439e858ca961d90b7b00f13ab695,385e439e858ca961d90b7b00f13ab695
386ab32e4099cf6a892a393deb196f70,386ab32e4099cf6a892a393deb196f70
38ccb08a5134f9fb8a2300050c19a2c6,38ccb08a5134f9fb8a2300050c19a2c6
39187d88644988fe69126fb24ac128b3,39187d88644988fe69126fb24ac128b3
393ab7b934a5985a8ae24e1b3fdd31c0,393ab7b934a5985a8ae24e1b3fdd31c0
395585e279795d487cfc240ff05d5b3c,395585e279795d487cfc240ff05d5b3c
39c0134bb26ffbd4cee779d144e8f794,39c0134bb26ffbd4cee779d144e8f794
3a0ef61c584911936f279cdac0a1c332,3a0ef61c584911936f279cdac0a1c332
3a5e00b408bd7c917fe30b6d3db27cf7,3a5e00b408bd7c917fe30b6d3db27cf7
3ab008f9323ce777f3e160fb84f12154,3ab008f9323ce777f3e160fb84f12154
3adaafcdf313de928d3d3fe1192d251a,3adaafcdf313de928d3d3fe1192d251a
3b03748a1d7256cd13e951f4095ff340,3b03748a1d7256cd13e951f4095ff340
3b2a191b0bf2a83968456780dad034b2,3b2a191b0bf2a83968456780dad034b2
3b449735b61ce77e6727666603f0bed0,3b449735b61ce77e6727666603f0bed0
3bc2b81973eeaf3b7045440f1b9e7c4b,3bc2b81973eeaf3b7045440f1b9e7c4b
3c0112a53f5976cf594aaa4004907caf,3c0112a53f5976cf594aaa4004907caf
3c30122b88f0ec33445a85b92cf1bcf5,3c30122b88f0ec33445a85b92cf1bcf5
3c44b365a3928fb955eee3da311c2c44,3c44b365a3928fb955eee3da311c2c44
3c9a37302dc992f22831ad2bd7980766,3c9a37302dc992f22831ad2bd7980766
3caa79e36e8658a988c469fda082335d,3caa79e36e8658a988c469fda082335d
3caad3a42d95a4d5fdad50c06ce3dc84,3caad3a42d95a4d5fdad50c06ce3dc84
3cb341b763f6e6f57830e9408aa418cd,3cb341b763f6e6f57830e9408aa418cd
3cdf5003addbb6ef39f02bca67f44ef8,3cdf5003addbb6ef39f02bca67f44ef8
3df741299bb088038bc015d4b206f8f9,3df741299bb088038bc015d4b206f8f9
3dfb191b4f8ba9b64e758f623e076bf0,3dfb191b4f8ba9b64e758f623e076bf0
3e64840908ecc97dad1b7c4c1055f84b,3e64840908ecc97dad1b7c4c1055f84b
3e86049508684d865aae5a46633ac5dc,3e86049508684d865aae5a46633ac5dc
3ef7c3ea361e9f36e5089fbd82270408,3ef7c3ea361e9f36e5089fbd82270408
3f59e629778e7556bef49f2c716a44f9,3f59e629778e7556bef49f2c716a44f9
3f6b9d103798054d464d0723a1dcb50f,3f6b9d103798054d464d0723a1dcb50f
3ff92ac0ec8acf4f74293b4f49e173ac,3ff92ac0ec8acf4f74293b4f49e173ac
408585d7e5efdcc8c9f1ef4fb11da08d,408585d7e5efdcc8c9f1ef4fb11da08d
40df6737032b70ba1e2b6c9dd100c9fc,40df6737032b70ba1e2b6c9dd100c9fc
40dfa9e5bd0a915a0f44c3e8cd7bc99b,40dfa9e5bd0a915a0f44c3e8cd7bc99b
40e423f107e3825e033d2c4b689a9b2b,40e423f107e3825e033d2c4b689a9b2b
40ee9f9fddda87145831b6c9764d7655,40ee9f9fddda87145831b6c9764d7655
411e183d1bbe7a967cb45093cf6cb515,411e183d1bbe7a967cb45093cf6cb515
412e2d8c9dbeacab730a37f6eb518262,412e2d8c9dbeacab730a37f6eb518262
4161091ba4764604f2261b0e1a02599a,4161091ba4764604f2261b0e1a02599a
41ea29bf8c37098ea53463adb4192349,41ea29bf8c37098ea53463adb4192349
420cf39dbcc681dde9303acaf7c591c4,420cf39dbcc681dde9303acaf7c591c4
427c37e533e4a93bfc5b6b26d8534112,427c37e533e4a93bfc5b6b26d8534112
433302f2e83a07a91db8f830b11b261c,433302f2e83a07a91db8f830b11b261c
43576e3a7787f3cab16489f9776d2d41,43576e3a7787f3cab16489f9776d2d41
438d813c26f19b6666e58ed48aee57d9,438d813c26f19b6666e58ed48aee57d9
43b360cac06c5e2ec382994a51f03dff,43b360cac06c5e2ec382994a51f03dff
43f021b2a121a5f5049147698ac20093,43f021b2a121a5f5049147698ac20093
4445593f05891987465d9a0ef286daa3,4445593f05891987465d9a0ef286daa3
4509b377c1acf6fb57b7beb0327d0aad,4509b377c1acf6fb57b7beb0327d0aad
455eaa12040e33966dc2106fa90b31e9,455eaa12040e33966dc2106fa90b31e9
456ac5d566e1ba9cc9b8fcbe85d499c5,456ac5d566e1ba9cc9b8fcbe85d499c5
45d6d8bdfcb1f32c30aab2d3d534154f,45d6d8bdfcb1f32c30aab2d3d534154f
469970db8ad50c00943b772ea82fb48e,469970db8ad50c00943b772ea82fb48e
46b2954d230d1667aebea8b5394548c8,46b2954d230d1667aebea8b5394548c8
4700e7047cea3f834500085ea35c6e8c,4700e7047cea3f834500085ea35c6e8c
471ae898bb1ba82e27a00bc3a4761940,471ae898bb1ba82e27a00bc3a4761940
4720701a4ab96ece39acfe1542deae41,4720701a4ab96ece39acfe1542deae41
47287bea16104de247676be3d8a4900c,47287bea16104de247676be3d8a4900c
472e065fd1fd5cbba706d04c99ceeaea,472e065fd1fd5cbba706d04c99ceeaea
473bd120f947a7356d7b8247ed999184,473bd120f947a7356d7b8247ed999184
4760cbd81f4fbb39804598aa71ab4c00,4760cbd81f4fbb39804598aa71ab4c00
4776986bbd413a310a27d66d0ff711de,4776986bbd413a310a27d66d0ff711de
47913aa6d1bac521cc81b42dc3ba783c,47913aa6d1bac521cc81b42dc3ba783c
47b6581bef4cc409e72dd7b1ed4f8ebd,47b6581bef4cc409e72dd7b1ed4f8ebd
48133fc874b323b425c34825141c7b81,48133fc874b323b425c34825141c7b81
4844094ea5c77e3d0d8956ec5302ef36,4844094ea5c77e3d0d8956ec5302ef36
484c3dc48fca57e953ffb36040b99b50,484c3dc48fca57e953ffb36040b99b50
4881b918e164f246395c9643ce687e03,4881b918e164f246395c9643ce687e03
48afc0c112b4c79a66d9f874def7d971,48afc0c112b4c79a66d9f874def7d971
4943607425b2f3adabf4a78e892c8501,4943607425b2f3adabf4a78e892c8501
496aed9fa6cc27f64b2abcf8141ad34f,496aed9fa6cc27f64b2abcf8141ad34f
499e7499d7890cfa9f064b79c3572f67,499e7499d7890cfa9f064b79c3572f67
49a6a07b76606c89574217c1c635468f,49a6a07b76606c89574217c1c635468f
49bc680a4f3d3fa71396c7141cb42aac,49bc680a4f3d3fa71396c7141cb42aac
49deaf4a54bf0cb7c98d7a8c76435022,49deaf4a54bf0cb7c98d7a8c76435022
49f876eba077d036d19900de6bc182a7,49f876eba077d036d19900de6bc182a7
4a03144f9aba55960dd195ab52ebd624,4a03144f9aba55960dd195ab52ebd624
4aeca8b2851e013c1c6f6f12769eefab,4aeca8b2851e013c1c6f6f12769eefab
4af0d1c6d2b9a228f64516f51a318ba5,4af0d1c6d2b9a228f64516f51a318ba5
4b48d02cba08a13edeb46c980b0bcdc0,4b48d02cba08a13edeb46c980b0bcdc0
4b7dbd44fa3b28a91eeeef47ec5c9e7b,4b7dbd44fa3b28a91eeeef47ec5c9e7b
4bf6594b6a58d22578ad16acea0aeae0,4bf6594b6a58d22578ad16acea0aeae0
4c554ee9f27a36601c8eac6daec9512f,4c554ee9f27a36601c8eac6daec9512f
4d48f37aa39469e25eb2766b1889e59f,4d48f37aa39469e25eb2766b1889e59f
4d6d1ed4ede1c24ea78a5c302400b4e0,4d6d1ed4ede1c24ea78a5c302400b4e0
4d7a2d741d98075a16fae2ef9933826e,4d7a2d741d98075a16fae2ef9933826e
4d7f08eeea993e5170dfc211f8222cd4,4d7f08eeea993e5170dfc211f8222cd4
4d9a21fb6a414045c247de8e1d08f45b,4d9a21fb6a414045c247de8e1d08f45b
4df0de9c92c02fb6dc2582f6badd3689,4df0de9c92c02fb6dc2582f6badd3689
4e637e02cb658a268a4fb0341e8c09d3,4e637e02cb658a268a4fb0341e8c09d3
4e684e574976321f269bc28f293a3085,4e684e574976321f269bc28f293a3085
4e718912a090ef4ee0e1f2101855ff8c,4e718912a090ef4ee0e1f2101855ff8c
4ebd7acd5be769c09e20872040403c9e,4ebd7acd5be769c09e20872040403c9e
4ed27406790765fb2aeeb177ea6ef856,4ed27406790765fb2aeeb177ea6ef856
4ef5c29035e5ec2c3098f64d54482fba,4ef5c29035e5ec2c3098f64d54482fba
4f30dc2d25e6dd2a27611ca7fd2db4e2,4f30dc2d25e6dd2a27611ca7fd2db4e2
4f64c9c53e7714781c87367035d88f50,4f64c9c53e7714781c87367035d88f50
4f9298c5029b8416f63f9f1bb29c45c3,4f9298c5029b8416f63f9f1bb29c45c3
4f96e76bfab7ab74d176b6d7d63f13db,4f96e76bfab7ab74d176b6d7d63f13db
4fbe824dc30136cd3ea230e01e644985,4fbe824dc30136cd3ea230e01e644985
5013a665ed46eab048ada505b1ed2a89,5013a665ed46eab048ada505b1ed2a89
503f3e1bc914e7def6945eadcdd0fcde,503f3e1bc914e7def6945eadcdd0fcde
5074ef89c6fd57bb6d242f1c24097541,5074ef89c6fd57bb6d242f1c24097541
50d3f6a4366e7fc7247981c25984d823,50d3f6a4366e7fc7247981c25984d823
50e74af9ebbb686605acd4564e80fd81,50e74af9ebbb686605acd4564e80fd81
50fe978cf9a96acf374068401e593801,50fe978cf9a96acf374068401e593801
5105b0eb96808e64f0fd1763337bbbdf,5105b0eb96808e64f0fd1763337bbbdf
511cf1ad266b64be7f280c044f1c1add,511cf1ad266b64be7f280c044f1c1add
51291a7241c302405e31544601891287,51291a7241c302405e31544601891287
51502ba8c8cd205f2f741ea3f6723609,51502ba8c8cd205f2f741ea3f6723609
51751b3431d0d169cfa2123c5f057278,51751b3431d0d169cfa2123c5f057278
51e3092553f7375fc912064b5989beab,51e3092553f7375fc912064b5989beab
524ddaf75f1edb2b6ffb0fff403d2051,524ddaf75f1edb2b6ffb0fff403d2051
5287214164ef02ff96fc0d4f230ff2f8,5287214164ef02ff96fc0d4f230ff2f8
5297868d178d7cfb9d0b8c7bf377c9bf,5297868d178d7cfb9d0b8c7bf377c9bf
52dc2bc3ffb4ca992f0579621f070a33,52dc2bc3ffb4ca992f0579621f070a33
52dd24edf06722e775727316280d34df,52dd24edf06722e775727316280d34df
52ece4f353eb090d58dbdc0431f65142,52ece4f353eb090d58dbdc0431f65142
5315d59ccb424516be503281449e8316,5315d59ccb424516be503281449e8316
5338c55e4ac361e83f94503ee0e35e39,5338c55e4ac361e83f94503ee0e35e39
5363a915f98763c5961ac380fc34e9cd,5363a915f98763c5961ac380fc34e9cd
53be1add22b4eeba107399f26700b759,53be1add22b4eeba107399f26700b759
53bfff787a38f84e485b1a585def05fb,53bfff787a38f84e485b1a585def05fb
53c8ba6a4581c82bdb8e353aaceba504,53c8ba6a4581c82bdb8e353aaceba504
53e7fee661d0cdd296e723759a0eeb20,53e7fee661d0cdd296e723759a0eeb20
53ffd3b97db2827df3da513cb748ccc6,53ffd3b97db2827df3da513cb748ccc6
543b533ba4bf88aa365fb0b4af8b747f,543b533ba4bf88aa365fb0b4af8b747f
5442fb02a9190ba4f2bb1b4fa32e25d3,5442fb02a9190ba4f2bb1b4fa32e25d3
54adf057f7fe8d94c8bcf8ad7358d7d5,54adf057f7fe8d94c8bcf8ad7358d7d5
54bffa4f9ebd37a98947c35a570ddab8,54bffa4f9ebd37a98947c35a570ddab8
54ed231f5c3d97ebe84490c56fbda45e,54ed231f5c3d97ebe84490c56fbda45e
552e5edad6bdacd941f91a333883b1ce,552e5edad6bdacd941f91a333883b1ce
5746923421636ffc39849d80ec84b2ea,5746923421636ffc39849d80ec84b2ea
57af93a8ecc7c6723a29a2b03942db94,57af93a8ecc7c6723a29a2b03942db94
57d1f54ea2340976f285a2770d4c1b74,57d1f54ea2340976f285a2770d4c1b74
5856c6dbce0a0befb2dbd98a553e40aa,5856c6dbce0a0befb2dbd98a553e40aa
58667cafb8cd21a15fe96dd1f4d8ac28,58667cafb8cd21a15fe96dd1f4d8ac28
586de50c4ec1a2bb8ecca9740511f4bb,586de50c4ec1a2bb8ecca9740511f4bb
58e2772eebcbf71321ed5a473f31f35f,58e2772eebcbf71321ed5a473f31f35f
58f8ff8c36b99c7f2b3c8c179d7ca613,58f8ff8c36b99c7f2b3c8c179d7ca613
592ec8b68c9ef0f6a18c1e7a7b38073f,592ec8b68c9ef0f6a18c1e7a7b38073f
59e60fb0ef67ee960990da8017d287b6,59e60fb0ef67ee960990da8017d287b6
59f013d181c48a143be205ac8db6b14a,59f013d181c48a143be205ac8db6b14a
5a03e8220877fb2f9f7fb6d2a67f9257,5a03e8220877fb2f9f7fb6d2a67f9257
5aee4f9a362f1fe3e6ec7509e8317eac,5aee4f9a362f1fe3e6ec7509e8317eac
5af7491d8acadf90f02cb6559379aad2,5af7491d8acadf90f02cb6559379aad2
5b8728652ad80a6c7bbac1c4b6e99b3a,5b8728652ad80a6c7bbac1c4b6e99b3a
5bca50d53b054b627df4a36af007157a,5bca50d53b054b627df4a36af007157a
5bd2e27e325f8003e32d341dab5fb505,5bd2e27e325f8003e32d341dab5fb505
5bfacb5fede67c34d5e97589d6dd7fdc,5bfacb5fede67c34d5e97589d6dd7fdc
5c012dc662c9636281a592beae911e62,5c012dc662c9636281a592beae911e62
5c99654fa0e5ba4ae88e458d8fd30501,5c99654fa0e5ba4ae88e458d8fd30501
5cfbf7a78da5dc8cec4c97843193d696,5cfbf7a78da5dc8cec4c97843193d696
5d3aa49e54210f1160565d409750afe5,5d3aa49e54210f1160565d409750afe5
5d47a57f6d55fc990d8f64709e22b34f,5d47a57f6d55fc990d8f64709e22b34f
5da54ae86a15007de880cc6ff5d03e2e,5da54ae86a15007de880cc6ff5d03e2e
5e4c8c41a314a3ba1b50f58f0fc0fded,5e4c8c41a314a3ba1b50f58f0fc0fded
5e6d2317a7307c1d032ed4eb0f14d960,5e6d2317a7307c1d032ed4eb0f14d960
5ea27386b6034fa218a064e02be91df6,5ea27386b6034fa218a064e02be91df6
5ed451fad94f0a81aec536328bfbeba8,5ed451fad94f0a81aec536328bfbeba8
5f58686b812d87a4e597ec396e260602,5f58686b812d87a4e597ec396e260602
5f741cc1351b82735c1c1003b3cf3837,5f741cc1351b82735c1c1003b3cf3837
5f94163493995f69f1d7ce7be4aedd39,5f94163493995f69f1d7ce7be4aedd39
5fa7c9e661562925e6da1d61dcfb5bc3,5fa7c9e661562925e6da1d61dcfb5bc3
60b570dcafaeb397f0b399dd9835b47d,60b570dcafaeb397f0b399dd9835b47d
610582a0e9a13dcbfe92eaed65ac8c9b,610582a0e9a13dcbfe92eaed65ac8c9b
61275b3c789cdc0767f43e176fc5c1e2,61275b3c789cdc0767f43e176fc5c1e2
613f07b0673cabe9801ce003f99d5729,613f07b0673cabe9801ce003f99d5729
6176b1df05024c258e6f60d1a6400bea,6176b1df05024c258e6f60d1a6400bea
6212c0fe419d45bb945c4a2394322f2a,6212c0fe419d45bb945c4a2394322f2a
622d5577d643637661db1d9bcc4b0fbe,622d5577d643637661db1d9bcc4b0fbe
625cb3850ab1d21477425d2359301100,625cb3850ab1d21477425d2359301100
62793e4956b84e9d12be692eaf3fdb78,62793e4956b84e9d12be692eaf3fdb78
631fd3a50e134aaa8e32cc3dfbdb4a76,631fd3a50e134aaa8e32cc3dfbdb4a76
63ae3ef2beeb2992b7e2ef5aa8e563e1,63ae3ef2beeb2992b7e2ef5aa8e563e1
64101edbb6dd50faf7be5b33eebf1088,64101edbb6dd50faf7be5b33eebf1088
64b73f5cfd3a35ffe766203f5d8b6abc,64b73f5cfd3a35ffe766203f5d8b6abc
651e83553e986cbc314da8749bd9bf7f,651e83553e986cbc314da8749bd9bf7f
658bed4b5a49daa539e223749fc91568,658bed4b5a49daa539e223749fc91568
6592253ccfd86826079c6e65068decee,6592253ccfd86826079c6e65068decee
6597ed2c90aaab815d86dda6a85ae53b,6597ed2c90aaab815d86dda6a85ae53b
65ae680342c9493797cbcb9d964c5349,65ae680342c9493797cbcb9d964c5349
65b3f520867d520725623e1faa14bc80,65b3f520867d520725623e1faa14bc80
65d996c5dd2032619852298b5c4c96dd,65d996c5dd2032619852298b5c4c96dd
6635f6c9562d425cff43b90f7622e4e7,6635f6c9562d425cff43b90f7622e4e7
663efacb2579122ae52bcea30563331b,663efacb2579122ae52bcea30563331b
66abb8c84afac06412d1ff165090adf0,66abb8c84afac06412d1ff165090adf0
66ddfa09d61257fd28c953b4681bcf74,66ddfa09d61257fd28c953b4681bcf74
66e5feb27c5176e0206fd6e76786623e,66e5feb27c5176e0206fd6e76786623e
6710915b4e62bb1fe3f0b7bcc9cbf93c,6710915b4e62bb1fe3f0b7bcc9cbf93c
674889b54de4b373e815a2525defe763,674889b54de4b373e815a2525defe763
674de7928e972bc8c9a85017b2bfd068,674de7928e972bc8c9a85017b2bfd068
67e1dfca47863baee8f84115cb6aab22,67e1dfca47863baee8f84115cb6aab22
682bf42051e56f3fb135d6e31a6af316,682bf42051e56f3fb135d6e31a6af316
682e8876329814870f8182d05fbf1f13,682e8876329814870f8182d05fbf1f13
68403d84d1ab11a2af6b26ea15809388,68403d84d1ab11a2af6b26ea15809388
687b87f08ec65043a157ebeb8eb2477a,687b87f08ec65043a157ebeb8eb2477a
68a5b44afd06440944f29434aff8b7ab,68a5b44afd06440944f29434aff8b7ab
68fc3a81396eb4f53c91bd84d683eeb8,68fc3a81396eb4f53c91bd84d683eeb8
695201b655f35376874aa5c0b564bfcd,695201b655f35376874aa5c0b564bfcd
6959d5d73e44a86317470a90b3dcfcf7,6959d5d73e44a86317470a90b3dcfcf7
695e44b960639d29399a9fc7331fc5a9,695e44b960639d29399a9fc7331fc5a9
69a4c2090aefe43bf1ad4dc31034b435,69a4c2090aefe43bf1ad4dc31034b435
6a090a3fbaaa449ec467b486850da85e,6a090a3fbaaa449ec467b486850da85e
6a1b1111cbf2faec6fc30c653828c79c,6a1b1111cbf2faec6fc30c653828c79c
6a94648537a27c7174728f7a48f2829e,6a94648537a27c7174728f7a48f2829e
6ae7bdc1fafba08b446f96893fe649e3,6ae7bdc1fafba08b446f96893fe649e3
6b488c5d176d7875cf61caa5b1715eb6,6b488c5d176d7875cf61caa5b1715eb6
6b877beb65f37811e91f42abc8db32d7,6b877beb65f37811e91f42abc8db32d7
6b8b78b984e152185d6f8a7e9b52c36b,6b8b78b984e152185d6f8a7e9b52c36b
6bfc27534b5da09e918575b77394bb47,6bfc27534b5da09e918575b77394bb47
6c5c037ca140077414c6640b4952a2eb,6c5c037ca140077414c6640b4952a2eb
6c7de7bd1f1e818ff9dbfd952ae68058,6c7de7bd1f1e818ff9dbfd952ae68058
6c8c13280f6678feda481957b2c314c5,6c8c13280f6678feda481957b2c314c5
6ca022daf838f5ad2589e05b68c2ed9a,6ca022daf838f5ad2589e05b68c2ed9a
6ca7b833a09cc9cdc8db1a4fc6d73996,6ca7b833a09cc9cdc8db1a4fc6d73996
6d0549b9eaca009501de2f62091603c7,6d0549b9eaca009501de2f62091603c7
6d0b707e0f5e7238db2c2e91ae05397f,6d0b707e0f5e7238db2c2e91ae05397f
6d234afcc5ec90e3f0c111c1f1c882e6,6d234afcc5ec90e3f0c111c1f1c882e6
6e7ca7db7822132845fabc150a99bbb6,6e7ca7db7822132845fabc150a99bbb6
6e7d4af80d51a82b0c92545d535ca0c3,6e7d4af80d51a82b0c92545d535ca0c3
6e95ad2efc080f4dd3d073a81c1dcace,6e95ad2efc080f4dd3d073a81c1dcace
6ed3a64b599fc7d1f6b7b036001248e4,6ed3a64b599fc7d1f6b7b036001248e4
6f0bebf0cf9225eb9579d6e59347c117,6f0bebf0cf9225eb9579d6e59347c117
70adb1975183b668e8c0f14c46b49ee3,70adb1975183b668e8c0f14c46b49ee3
70d6446acfb0be7f5a5c7bf922a39f43,70d6446acfb0be7f5a5c7bf922a39f43
711dce445753301cb65e2a4d3f7013a0,711dce445753301cb65e2a4d3f7013a0
71b5c0f98847313102aa6040ae1ba95c,71b5c0f98847313102aa6040ae1ba95c
71c9c78756c310975266151867db7ff3,71c9c78756c310975266151867db7ff3
71e82c6107b2ab10b28822cb180bacc6,71e82c6107b2ab10b28822cb180bacc6
71fc2a13748a7239cbfdea9b713888c0,71fc2a13748a7239cbfdea9b713888c0
72383e55d70ebbb168419e52c11da22e,72383e55d70ebbb168419e52c11da22e
724c800132a4373261abe621221c10cf,724c800132a4373261abe621221c10cf
7256fdd8f95439e78d6b24920616a6cd,7256fdd8f95439e78d6b24920616a6cd
7260c5f6212b250b1006856cee0b9da8,7260c5f6212b250b1006856cee0b9da8
7290c93e24e48a3b82eea2f6433c6985,7290c93e24e48a3b82eea2f6433c6985
72b1244ce79a65efbc1d3ccce8ea76af,72b1244ce79a65efbc1d3ccce8ea76af
72b30b0affdb33a1bad3190544db7cb8,72b30b0affdb33a1bad3190544db7cb8
72e0754abd5a29d1cdef20053061fcd2,72e0754abd5a29d1cdef20053061fcd2
730caab8f8e3daa21288eff7264542bd,730caab8f8e3daa21288eff7264542bd
7378f2a905c5a0a1c9c6f78e1a60e8f5,7378f2a905c5a0a1c9c6f78e1a60e8f5
7393b0ff0de7c1cb9c4828396bc33eb2,7393b0ff0de7c1cb9c4828396bc33eb2
73b67b93e38f4544f7d792324465a403,73b67b93e38f4544f7d792324465a403
73dc9ef07cc7e5a25bb0f3ed38a68358,73dc9ef07cc7e5a25bb0f3ed38a68358
7406f88d2819193b0a20e9a348f4e62b,7406f88d2819193b0a20e9a348f4e62b
7425fbaaa99b123529cbdcb5c4e2061a,7425fbaaa99b123529cbdcb5c4e2061a
745c4b5c7ee36dce8f8e7b5f7ec6e8be,745c4b5c7ee36dce8f8e7b5f7ec6e8be
74eccc1914c3da5c6651a12884f5c268,74eccc1914c3da5c6651a12884f5c268
74ff97dcbc4ed0cebaee10104029d0fb,74ff97dcbc4ed0cebaee10104029d0fb
751c57b4f7316d02e723a127b90dee9a,751c57b4f7316d02e723a127b90dee9a
75610f2b0acea78c30db42d47d2e61fb,75610f2b0acea78c30db42d47d2e61fb
7574e7058620359d93e97aa78f9d925e,7574e7058620359d93e97aa78f9d925e
75770670889c643dd8efbae8a39f4a08,75770670889c643dd8efbae8a39f4a08
75b0cbd36abe418ef2ee5bc8e39ccdcb,75b0cbd36abe418ef2ee5bc8e39ccdcb
75d42669ce7a5580f281d29924076176,75d42669ce7a5580f281d29924076176
7645b0a80bf3c560f4f402d663314889,7645b0a80bf3c560f4f402d663314889
76de5f0ab89d18383658b4a180e54df0,76de5f0ab89d18383658b4a180e54df0
7725acc74e5837251e2ad31728a912d6,7725acc74e5837251e2ad31728a912d6
773db208375aefb3872d7cc1ff56fdb3,773db208375aefb3872d7cc1ff56fdb3
7747b7bed6d88ccef5c1b7a38da7d7cf,7747b7bed6d88ccef5c1b7a38da7d7cf
7757fa8aa367c7ef18cc217cfbd41342,7757fa8aa367c7ef18cc217cfbd41342
779bdb4ccd5bdd0a51eb741508aacbad,779bdb4ccd5bdd0a51eb741508aacbad
779eaef71dd677ae83cd8a998369e7a6,779eaef71dd677ae83cd8a998369e7a6
77bf73c3e8139f1f7ddf564ad28c6330,77bf73c3e8139f1f7ddf564ad28c6330
77ffbe158ceae9e2d78e3be48e648407,77ffbe158ceae9e2d78e3be48e648407
781e1aca75237fdfb3a9b6f4ad763db9,781e1aca75237fdfb3a9b6f4ad763db9
789d7fe0388607a7461c2fa88bf8c196,789d7fe0388607a7461c2fa88bf8c196
78c845e8f343aee62a1644806001f24a,78c845e8f343aee62a1644806001f24a
78e3b4de72976b54cfc76d88b6869ec4,78e3b4de72976b54cfc76d88b6869ec4
78ee9e1745e0a28bb16c9569c495d709,78ee9e1745e0a28bb16c9569c495d709
7940895390b24f443bfcb3a5ffbbe82d,7940895390b24f443bfcb3a5ffbbe82d
79de0b400c17879b396509ac2e5632b2,79de0b400c17879b396509ac2e5632b2
79f6012d2afa139665c583ca80068175,79f6012d2afa139665c583ca80068175
7a70902dbd41e11e878908294c8d35fb,7a70902dbd41e11e878908294c8d35fb
7b1b63c316468b6370e264da66c2b765,7b1b63c316468b6370e264da66c2b765
7b45dbddbf8d2c1d31b2afc52dc5747a,7b45dbddbf8d2c1d31b2afc52dc5747a
7b4de1ae2c86c74fcdc8b49db42937e4,7b4de1ae2c86c74fcdc8b49db42937e4
7baa48eaa9d33165733dec95d1a13211,7baa48eaa9d33165733dec95d1a13211
7c20ea5d95230c59f221c7b716cf43b6,7c20ea5d95230c59f221c7b716cf43b6
7c2fa1b306687b74c30a6b146d6fff79,7c2fa1b306687b74c30a6b146d6fff79
7c43ecf166a4c4235c19e8469d4705d2,7c43ecf166a4c4235c19e8469d4705d2
7c4d5b2c5e3311950870c05647943435,7c4d5b2c5e3311950870c05647943435
7c9ea0e41768ea46b5b84648b4abc94d,7c9ea0e41768ea46b5b84648b4abc94d
7ccbec7429aaf84fb6b68b9ebb9f9903,7ccbec7429aaf84fb6b68b9ebb9f9903
7d44dabccd5aae26e4e99dc4d09a6b61,7d44dabccd5aae26e4e99dc4d09a6b61
7d52d9a105b2091a73b31b7bc177422d,7d52d9a105b2091a73b31b7bc177422d
7d666d3a03986a666ec9d463c24c0aa7,7d666d3a03986a666ec9d463c24c0aa7
7d6f1bb254f4c342872c1ecc5a8b84b7,7d6f1bb254f4c342872c1ecc5a8b84b7
7d90346aa28b4b8dca9181b4100b0e74,7d90346aa28b4b8dca9181b4100b0e74
7de998649b606dc8e10416ac6409cfff,7de998649b606dc8e10416ac6409cfff
7e2019373da8d98e787bef296d535e5c,7e2019373da8d98e787bef296d535e5c
7e334789016a44c361c8fa883c068920,7e334789016a44c361c8fa883c068920
7e4112a150f1b279eb0c0fb9bb5b0f1f,7e4112a150f1b279eb0c0fb9bb5b0f1f
7e452cce73e2dcf3644b9f85942721d0,7e452cce73e2dcf3644b9f85942721d0
7e4f1d54ab1191936cf0082c08285a18,7e4f1d54ab1191936cf0082c08285a18
7e5359e75ad6672e92ea37b038bdf5c5,7e5359e75ad6672e92ea37b038bdf5c5
7e8274a172630b3dca120b8b24d3cd63,7e8274a172630b3dca120b8b24d3cd63
7e964e5ff39f9b59d149b1f16a155796,7e964e5ff39f9b59d149b1f16a155796
7ea1bbfb6ae343abd254a7ea5ba9af81,7ea1bbfb6ae343abd254a7ea5ba9af81
7ea609ba5dc395c980e00acf6ed380c5,7ea609ba5dc395c980e00acf6ed380c5
7eaab8d125f4a80ab6fed0fe3c95b6f3,7eaab8d125f4a80ab6fed0fe3c95b6f3
7f097689604d91c92763ecf8866c6133,7f097689604d91c92763ecf8866c6133
7f5499a19bc8629459f86e77a944ac31,7f5499a19bc8629459f86e77a944ac31
7f6be2a626639dd23cb8a0cc79259f2c,7f6be2a626639dd23cb8a0cc79259f2c
7f72b934ba7231a5239515a868287964,7f72b934ba7231a5239515a868287964
801d0c216c66eed252abce79b5f56ab9,801d0c216c66eed252abce79b5f56ab9
8064822f6bab02b2546200464c05a600,8064822f6bab02b2546200464c05a600
80705385a9ed0e837986d69357f5b8b8,80705385a9ed0e837986d69357f5b8b8
80789a6bed19feeb74a7d900e023c16d,80789a6bed19feeb74a7d900e023c16d
8091e62288f4a3d86bd2075f934e98a0,8091e62288f4a3d86bd2075f934e98a0
80c4b2d7fb3c95dd9504808cb66f283e,80c4b2d7fb3c95dd9504808cb66f283e
810a78674ddc00747d7db272bc1188bf,810a78674ddc00747d7db272bc1188bf
811f9a1791e6470614efa324442fb605,811f9a1791e6470614efa324442fb605
81427ec45ad7e8c545e2178070064757,81427ec45ad7e8c545e2178070064757
815a8b20d755388b335d9f84d6e7d90f,815a8b20d755388b335d9f84d6e7d90f
81917e9dd563cbd1497c951d9c7f2620,81917e9dd563cbd1497c951d9c7f2620
81c3d7363a233bca3270f81e435fb464,81c3d7363a233bca3270f81e435fb464
81deec549c6d38661a5c7ccdf6a11046,81deec549c6d38661a5c7ccdf6a11046
8210cf3e5907540d969e8991c82e1748,8210cf3e5907540d969e8991c82e1748
82ada59fc1e2c3be24f1c6f6bb6bf9ea,82ada59fc1e2c3be24f1c6f6bb6bf9ea
83af63927934e4148fd5af00d409d3e9,83af63927934e4148fd5af00d409d3e9
83d9a481c2bcd1ea2a5b902c9f46883c,83d9a481c2bcd1ea2a5b902c9f46883c
843e9a30cace9d009bf9aeaa2a15857c,843e9a30cace9d009bf9aeaa2a15857c
8484eaaf47cc81014123a481bdbf02d7,8484eaaf47cc81014123a481bdbf02d7
84871e4961880ca8f28b695bb4fe7773,84871e4961880ca8f28b695bb4fe7773
84b17d868db80718113e2c44058020ce,84b17d868db80718113e2c44058020ce
85641a989a6a5dae179e3bfeef8399ec,85641a989a6a5dae179e3bfeef8399ec
85712088e1039c66b7d4e88629aa414b,85712088e1039c66b7d4e88629aa414b
85a8f437cb9fd7308401acebdc4081fc,85a8f437cb9fd7308401acebdc4081fc
85b6bfd936bb6b4a3e7d4cc9e882456e,85b6bfd936bb6b4a3e7d4cc9e882456e
860871d14e1f4fc2134b6dc8f27f670c,860871d14e1f4fc2134b6dc8f27f670c
861920abea494b8d7847ba7d8532d7e4,861920abea494b8d7847ba7d8532d7e4
86f971b34c15a8a9309289f0d6747077,86f971b34c15a8a9309289f0d6747077
86fd7b70cb313bbe5f57525bc15be22b,86fd7b70cb313bbe5f57525bc15be22b
874400c832fe2f09cc3eb33c66a0cda4,874400c832fe2f09cc3eb33c66a0cda4
875f16af4a8d31b107afdc20fbca4e5e,875f16af4a8d31b107afdc20fbca4e5e
881e6e6e633bf04b3da4e3deaea4390a,881e6e6e633bf04b3da4e3deaea4390a
88514d0b723f97c18318681387b64599,88514d0b723f97c18318681387b64599
88671c67a3a9b892e4fed8b634fabe47,88671c67a3a9b892e4fed8b634fabe47
88713d25d1afa94be952a48e3920193f,88713d25d1afa94be952a48e3920193f
8920d6aee8ac427f170415b0fd0646cb,8920d6aee8ac427f170415b0fd0646cb
8ab3d3ab2067363a47e0d3bf42677fe7,8ab3d3ab2067363a47e0d3bf42677fe7
8ad68cd8248e8fe47ba2024b8ac0d742,8ad68cd8248e8fe47ba2024b8ac0d742
8b71f9a21f67f0eb1571b516890ea0e3,8b71f9a21f67f0eb1571b516890ea0e3
8ba85f2db1021cacd166896c7d4552cf,8ba85f2db1021cacd166896c7d4552cf
8be2ccbdb2caa1bfe480b58512ea021b,8be2ccbdb2caa1bfe480b58512ea021b
8c27dccf44fba4e8bcaec2d255bebab7,8c27dccf44fba4e8bcaec2d255bebab7
8c37cdd87075100c673604ce14663851,8c37cdd87075100c673604ce14663851
8c4ff3d42c08318b3fc113b456465694,8c4ff3d42c08318b3fc113b456465694
8c76b3414a3f95c618a7aaa5f562ef01,8c76b3414a3f95c618a7aaa5f562ef01
8cb11fd07026f2bfc6ea8f0e78e00f1a,8cb11fd07026f2bfc6ea8f0e78e00f1a
8cbcabd5fbab83a0b9b649ddaa036751,8cbcabd5fbab83a0b9b649ddaa036751
8d216f8f78a5c2370ec82dc57ac1cb08,8d216f8f78a5c2370ec82dc57ac1cb08
8d38412b23649a789a0003b1774a7465,8d38412b23649a789a0003b1774a7465
8da09a8c89c38327baec66aaddca2067,8da09a8c89c38327baec66aaddca2067
8dc1acd56b4df7bea156e6bf612413a8,8dc1acd56b4df7bea156e6bf612413a8
8e3a131a4debb16c0d184804b3e3fbc0,8e3a131a4debb16c0d184804b3e3fbc0
8e55c68ce1dc77dc5f9ae60657089276,8e55c68ce1dc77dc5f9ae60657089276
8e61144f9512d8093005d73b127feb80,8e61144f9512d8093005d73b127feb80
8e67fc637f9fecc7e2a6044aa71270f0,8e67fc637f9fecc7e2a6044aa71270f0
8e7834f6338580cb9d162e6d2bc029ac,8e7834f6338580cb9d162e6d2bc029ac
8eb776dc5ae3c2f0cfbbc0a564b658f2,8eb776dc5ae3c2f0cfbbc0a564b658f2
8ec95c305a7d3c29dea85a546eba849a,8ec95c305a7d3c29dea85a546eba849a
8edaeec67916156f44d4094c6f978fd6,8edaeec67916156f44d4094c6f978fd6
8ef1994183ef79b345478fb46dfcf97d,8ef1994183ef79b345478fb46dfcf97d
8efe78e2fd0283047d071c1b8b989341,8efe78e2fd0283047d071c1b8b989341
8f23b8c805ac75a5fdeba1ab577b0e67,8f23b8c805ac75a5fdeba1ab577b0e67
8f7b47e948fa2b1926de80d1cb089d30,8f7b47e948fa2b1926de80d1cb089d30
8f829e0e5113891971179837607a3716,8f829e0e5113891971179837607a3716
8fa47bf0c13ffe69fffd049524f39bbd,8fa47bf0c13ffe69fffd049524f39bbd
8fbee44437627b9885fb9a9c1c24455c,8fbee44437627b9885fb9a9c1c24455c
8fc31814ebb5b773ab962574db1c40cd,8fc31814ebb5b773ab962574db1c40cd
8fca0a31a2b9cd34c6dd5244bd6fb6d0,8fca0a31a2b9cd34c6dd5244bd6fb6d0
8fee746285cfbe3f0825f6d40389e46f,8fee746285cfbe3f0825f6d40389e46f
90158df6dc3e1778f3062bf3283815f4,90158df6dc3e1778f3062bf3283815f4
90290c2b034e553b55512bd287133cb0,90290c2b034e553b55512bd287133cb0
90e9d4f815ae28fb975885f10f065659,90e9d4f815ae28fb975885f10f065659
9106e360f2fb7a717ccf49906ea58a2e,9106e360f2fb7a717ccf49906ea58a2e
9110d80665dde33932787e5205dd16be,9110d80665dde33932787e5205dd16be
913a4c176a8bad9fb011591e9c65e01e,913a4c176a8bad9fb011591e9c65e01e
91453810bd7cdd047a9d6d75fae68ba6,91453810bd7cdd047a9d6d75fae68ba6
919af614e03b3c1932808a10771ef1f5,919af614e03b3c1932808a10771ef1f5
91b0d0735e651da58a01e49fdaaae27f,91b0d0735e651da58a01e49fdaaae27f
92e8ad01db24b151fce0172a7466db0c,92e8ad01db24b151fce0172a7466db0c
93404f496b2d5494bef8e42d58fe3782,93404f496b2d5494bef8e42d58fe3782
93549b0c6bb6bb08f02b2b7375effa32,93549b0c6bb6bb08f02b2b7375effa32
9392b1050f4cf40efbe3983ebcb58f11,9392b1050f4cf40efbe3983ebcb58f11
9394b02e077fe5d8e8f9c75e979ea79e,9394b02e077fe5d8e8f9c75e979ea79e
93a2e05f71bb1ccfbbe336def53f5196,93a2e05f71bb1ccfbbe336def53f5196
9440df029e976c03223ebd2181eee8d4,9440df029e976c03223ebd2181eee8d4
944f6515ee304c8f7f039e2768d0b7ad,944f6515ee304c8f7f039e2768d0b7ad
94c93e6ca7ddc3158f1f5dc87e8376dc,94c93e6ca7ddc3158f1f5dc87e8376dc
94edb9b1faff2b0e074ad96f84209251,94edb9b1faff2b0e074ad96f84209251
9511e4c0138e91735b489a0ae07415d4,9511e4c0138e91735b489a0ae07415d4
9531001a2de7a89944a50975897534e6,9531001a2de7a89944a50975897534e6
95a4d5da13ed7c231ef53bb8a1e07e38,95a4d5da13ed7c231ef53bb8a1e07e38
95a5f12bf35f3c1428d454a6c279692c,95a5f12bf35f3c1428d454a6c279692c
95c2365994e92654ee216b8c7ee14bd6,95c2365994e92654ee216b8c7ee14bd6
95d0525ecfdf183dd2153e0d61f8cb56,95d0525ecfdf183dd2153e0d61f8cb56
9664e64ca4c4230a697a005584c1465b,9664e64ca4c4230a697a005584c1465b
96aa5872778b3aef34abd41a5b7e6c73,96aa5872778b3aef34abd41a5b7e6c73
96b688868b0386100f855debef141b27,96b688868b0386100f855debef141b27
96c5b837bcfc25d50bffc7bc9dd0cba6,96c5b837bcfc25d50bffc7bc9dd0cba6
9709a4ab7dc448745ce93a618b8fd0a5,9709a4ab7dc448745ce93a618b8fd0a5
970b7140a61addf1d7bdc08073e05840,970b7140a61addf1d7bdc08073e05840
971180073005518d74aa19313e486a81,971180073005518d74aa19313e486a81
974b51c928f5e44cf229f9bad014cc60,974b51c928f5e44cf229f9bad014cc60
97e9b68703a92cc3f973fcf5cf864395,97e9b68703a92cc3f973fcf5cf864395
98314931800d77fe95b7932d10098a7f,98314931800d77fe95b7932d10098a7f
9858dac79e77672739aee4bdd32adec7,9858dac79e77672739aee4bdd32adec7
9859134676acc9364d45033a48fadee1,9859134676acc9364d45033a48fadee1
987773429fc595ea66f64f152dd46cd2,987773429fc595ea66f64f152dd46cd2
987ca159734c867a6ed9da1a04cf44b7,987ca159734c867a6ed9da1a04cf44b7
989fe35afba2b1d1d82c6981316ca89d,989fe35afba2b1d1d82c6981316ca89d
98b0d876c181c5192d81b1d1e646bcfc,98b0d876c181c5192d81b1d1e646bcfc
98c1b88f77fca2fc4da629f0754a601b,98c1b88f77fca2fc4da629f0754a601b
990ef166ee43a9be09b73629d0da994a,990ef166ee43a9be09b73629d0da994a
99629116e3e6953e2c0cb7e87e160250,99629116e3e6953e2c0cb7e87e160250
997b9b27a30d880aaace6fda9e4f01ad,997b9b27a30d880aaace6fda9e4f01ad
999d8d79f257cf9e2a7d94e782ebce0e,999d8d79f257cf9e2a7d94e782ebce0e
99cb019062dc9b5b26d63cf2bd53bd9c,99cb019062dc9b5b26d63cf2bd53bd9c
99d01fae611d7f28637c60c5978afd5d,99d01fae611d7f28637c60c5978afd5d
99d0cd58fb57f081a519e60678387863,99d0cd58fb57f081a519e60678387863
99ec7005c44641afba0931d91ea78f2a,99ec7005c44641afba0931d91ea78f2a
9a091af9178aeff31d7c0c52568c3e9f,9a091af9178aeff31d7c0c52568c3e9f
9a2acaf9e9f01f37a7df5ff22fbedd2c,9a2acaf9e9f01f37a7df5ff22fbedd2c
9b2a45d5ba94f71af345b0ea0c6ac613,9b2a45d5ba94f71af345b0ea0c6ac613
9b55d750b6ae2c4e14b64060aca9cd17,9b55d750b6ae2c4e14b64060aca9cd17
9b90495f429eeccfa06cd87a7c15b745,9b90495f429eeccfa06cd87a7c15b745
9bdec5f90bd54b5c0c20d43839a05c35,9bdec5f90bd54b5c0c20d43839a05c35
9be5a448d1298bb1425455faa6d96360,9be5a448d1298bb1425455faa6d96360
9be691e55ee79479a79cb955d0cdda55,9be691e55ee79479a79cb955d0cdda55
9bf7c74ab1501897dfc2f3f89e335311,9bf7c74ab1501897dfc2f3f89e335311
9c60800853d89e414561ec78c6c37cef,9c60800853d89e414561ec78c6c37cef
9cb45ab8ec855b514cb6b8048f16a4b8,9cb45ab8ec855b514cb6b8048f16a4b8
9cfb89c81731d4e62696bbe5490a123e,9cfb89c81731d4e62696bbe5490a123e
9d9559b6b4b4ee897f408be6a71a9e2f,9d9559b6b4b4ee897f408be6a71a9e2f
9db22e9acd99411621f88278a730be3a,9db22e9acd99411621f88278a730be3a
9db854d2280e003edc8953e6ef5eea4f,9db854d2280e003edc8953e6ef5eea4f
9dbcf7d87be9c4840f4ffe60771c4f64,9dbcf7d87be9c4840f4ffe60771c4f64
9e10abb17f232b6a4bee1b3fdfc0676b,9e10abb17f232b6a4bee1b3fdfc0676b
9e219c25dd52285b36dfa280873c6da6,9e219c25dd52285b36dfa280873c6da6
9e42d3f32249141bc45b658d4bdd1520,9e42d3f32249141bc45b658d4bdd1520
9e55a2d33faaa24849ff34885eb0d81f,9e55a2d33faaa24849ff34885eb0d81f
9e8cfc690651b4b86d513768aab7b0ca,9e8cfc690651b4b86d513768aab7b0ca
9eb80592797aa8c81aaaccfaaeb2ef6e,9eb80592797aa8c81aaaccfaaeb2ef6e
9ebf385cc2de089e8bb25e52f2e5e688,9ebf385cc2de089e8bb25e52f2e5e688
9edcece56020cdb49f10c290e31a3990,9edcece56020cdb49f10c290e31a3990
9f61d5b95cf5ef2d7429de3a68e6e399,9f61d5b95cf5ef2d7429de3a68e6e399
9fa4004161a461438c63806205c087c2,9fa4004161a461438c63806205c087c2
9fc0e5bf802929b210452a5044dfec7d,9fc0e5bf802929b210452a5044dfec7d
9fde577849b47de032025de9ed505846,9fde577849b47de032025de9ed505846
9fe34978994c4b5453d37500f94157de,9fe34978994c4b5453d37500f94157de
a00bf10aa1ea08bab78e698de1fbccee,a00bf10aa1ea08bab78e698de1fbccee
a03c9a77924d8f145b31d906bef9212d,a03c9a77924d8f145b31d906bef9212d
a06173da433a6beabf0e8534f1fcd27a,a06173da433a6beabf0e8534f1fcd27a
a080bfd2a2de9224f5a0edb0dd0d8293,a080bfd2a2de9224f5a0edb0dd0d8293
a0980a927005a7e9acff6fcf59adbaed,a0980a927005a7e9acff6fcf59adbaed
a0aa9a1fc971254b1c2a491c7a9cd7b4,a0aa9a1fc971254b1c2a491c7a9cd7b4
a0b5a82ac6ba2a3813350a4600326f90,a0b5a82ac6ba2a3813350a4600326f90
a0bcf964a960b695984456592b17e13a,a0bcf964a960b695984456592b17e13a
a10bf6fb16a0f529b80d1ae27cf83b0a,a10bf6fb16a0f529b80d1ae27cf83b0a
a10c5e96959a2d2c9d78df0934ea9e2f,a10c5e96959a2d2c9d78df0934ea9e2f
a1dbadab2106b72ab199cacfb9c7c1ff,a1dbadab2106b72ab199cacfb9c7c1ff
a232c8b4956ae6853818bc1b455e6c90,a232c8b4956ae6853818bc1b455e6c90
a257db88650cebc0b6a4c3f3b4a86735,a257db88650cebc0b6a4c3f3b4a86735
a26e2caa76caa498969371b77b0ba9d4,a26e2caa76caa498969371b77b0ba9d4
a30cdef44a0ed4eca8586790f97891ed,a30cdef44a0ed4eca8586790f97891ed
a3780ded3f64eb827b017179fc6e0afd,a3780ded3f64eb827b017179fc6e0afd
a3dfc080de90610d101eab2d66ea99eb,a3dfc080de90610d101eab2d66ea99eb
a44961c4d4151653d8fd241e8ebadc65,a44961c4d4151653d8fd241e8ebadc65
a44c8c33a9ad3ec19a3e3c24c1909166,a44c8c33a9ad3ec19a3e3c24c1909166
a51e46cb6c167cdac5443fb13c12eb66,a51e46cb6c167cdac5443fb13c12eb66
a520ebaa57913b5c846d0d650006ee3f,a520ebaa57913b5c846d0d650006ee3f
a52d48a5eff29162291f48142d6157f9,a52d48a5eff29162291f48142d6157f9
a648c256f4ba3dc84abc8f7de71be098,a648c256f4ba3dc84abc8f7de71be098
a67b4ffe1a61d8ac132b7528574ed8fb,a67b4ffe1a61d8ac132b7528574ed8fb
a69161a7c08b71301d30ee842e08c6c7,a69161a7c08b71301d30ee842e08c6c7
a6bc22ca9418bb1cceeeffa2f0f9b03b,a6bc22ca9418bb1cceeeffa2f0f9b03b
a775a7799f5089bd26765d99f259ddfb,a775a7799f5089bd26765d99f259ddfb
a7e0c308d63ed6703dcc7724e44b18a5,a7e0c308d63ed6703dcc7724e44b18a5
a806dd6733d68830003d8d9c2f1b4808,a806dd6733d68830003d8d9c2f1b4808
a80e7931a2fe1cd8420f35f16cef5f89,a80e7931a2fe1cd8420f35f16cef5f89
a879bef33b76f27237e20d4e85ce93d1,a879bef33b76f27237e20d4e85ce93d1
a87db38feb5b5d379851ce7dd0b0e859,a87db38feb5b5d379851ce7dd0b0e859
a8a0af1451633d784f630d52d2247a9f,a8a0af1451633d784f630d52d2247a9f
a91f2d31e562f1e197ffe7cf28f87a08,a91f2d31e562f1e197ffe7cf28f87a08
a98b27d2c18797da0f1a891d16a4d0b8,a98b27d2c18797da0f1a891d16a4d0b8
aa40dd8e1abe45c63bf82a7c37ba716f,aa40dd8e1abe45c63bf82a7c37ba716f
aa4691ffb4f1d859712924fcb65b0b5d,aa4691ffb4f1d859712924fcb65b0b5d
aa563b4723852fa617561223c109fd61,aa563b4723852fa617561223c109fd61
aab09ad80bd7b5558c1268c75627e20b,aab09ad80bd7b5558c1268c75627e20b
aae4ace8207ac4a8e5646c36ec7aa623,aae4ace8207ac4a8e5646c36ec7aa623
ab47ad7c42031a482ba5f94308a60376,ab47ad7c42031a482ba5f94308a60376
ab8a0d82b75cb9f5ba8689bae25ea556,ab8a0d82b75cb9f5ba8689bae25ea556
ab8d7d5199579c48f4f192f5d90d3f4d,ab8d7d5199579c48f4f192f5d90d3f4d
ad0bab810714101a3a04ac79c255a3b2,ad0bab810714101a3a04ac79c255a3b2
ad2ad6a2d1a37e5c07b064fc7e7d4d60,ad2ad6a2d1a37e5c07b064fc7e7d4d60
ad2b5bc5f6090199184968fbd6bf4cc3,ad2b5bc5f6090199184968fbd6bf4cc3
ad353eb6d2cc41cd9e55eec16e9d40df,ad353eb6d2cc41cd9e55eec16e9d40df
ad38557291616b12375442d3c08766a0,ad38557291616b12375442d3c08766a0
ad630a083c169dc5ec831927692925f8,ad630a083c169dc5ec831927692925f8
adb6154425dd1a0070106e7bbee48205,adb6154425dd1a0070106e7bbee48205
ae273a509f14b199095fb094a027c651,ae273a509f14b199095fb094a027c651
aecb9cca4147fc96c278709e6d2c4feb,aecb9cca4147fc96c278709e6d2c4feb
af65fff8d187bf334b2a712f74642faa,af65fff8d187bf334b2a712f74642faa
af693757a241eed64585ac6b41eb9dd2,af693757a241eed64585ac6b41eb9dd2
af779a35c8fa382e163f1a53604de935,af779a35c8fa382e163f1a53604de935
aff3d5b6305b74ff8919740911396b23,aff3d5b6305b74ff8919740911396b23
b021072de7a4202c7666100c1c754c7a,b021072de7a4202c7666100c1c754c7a
b053aa0177905158cd7c6d06d34ea6e5,b053aa0177905158cd7c6d06d34ea6e5
b094c84b21038559557b16830d134880,b094c84b21038559557b16830d134880
b09546f278fa83e4542021eb299d5d2a,b09546f278fa83e4542021eb299d5d2a
b0a443128c21d2e64d2bc6105f052cfe,b0a443128c21d2e64d2bc6105f052cfe
b0a6cdd8db38a1f0008932a0d008c46c,b0a6cdd8db38a1f0008932a0d008c46c
b0c3ee6bc37a3cf181167af092cc3935,b0c3ee6bc37a3cf181167af092cc3935
b0d49aa1ba28c29097cc9b820aa231ae,b0d49aa1ba28c29097cc9b820aa231ae
b0d78d194447ea2e5b5c11221ac3da88,b0d78d194447ea2e5b5c11221ac3da88
b0e5707a9e4cb92db88267b6e27b057f,b0e5707a9e4cb92db88267b6e27b057f
b13d8498a9c8bec7a1b0521fc1f63100,b13d8498a9c8bec7a1b0521fc1f63100
b241695be4459ebdc9214ae228396f67,b241695be4459ebdc9214ae228396f67
b2e4e578d0541f34526d50e2737a380e,b2e4e578d0541f34526d50e2737a380e
b2f296051d407d4e13564abc5560f0a3,b2f296051d407d4e13564abc5560f0a3
b301d52eac4edbc5c9024222eba23ca3,b301d52eac4edbc5c9024222eba23ca3
b303687bcd349b685d25cd1d89173010,b303687bcd349b685d25cd1d89173010
b30d41980d1f3a538512ece0204728bb,b30d41980d1f3a538512ece0204728bb
b34cc36f7d1588dba42aed5a562c4cc9,b34cc36f7d1588dba42aed5a562c4cc9
b3a2ebcbd492066a0f0962f4aacda968,b3a2ebcbd492066a0f0962f4aacda968
b3c78802b1ac0aee8672df351730d493,b3c78802b1ac0aee8672df351730d493
b3ef024ed6c5f1fa8dff599f2b929740,b3ef024ed6c5f1fa8dff599f2b929740
b4393bcc3b4530c6f486c09ecd015d0c,b4393bcc3b4530c6f486c09ecd015d0c
b4cbf43f6b337b1a75687b78e6115f89,b4cbf43f6b337b1a75687b78e6115f89
b4cfc20e3313da0a194233549ebad4ba,b4cfc20e3313da0a194233549ebad4ba
b4e024e809e73410c031ec9c3b6ebfc7,b4e024e809e73410c031ec9c3b6ebfc7
b52adcfccbced9a82fd3bf9fa6144a0f,b52adcfccbced9a82fd3bf9fa6144a0f
b564fc857a49ef04fcfee0afcc029022,b564fc857a49ef04fcfee0afcc029022
b5696d41dd32fdbfa95831c4c5a03167,b5696d41dd32fdbfa95831c4c5a03167
b63cbd1a1042eb62cfa7c6adc5346199,b63cbd1a1042eb62cfa7c6adc5346199
b659a90b7fc4399c40cb16efd86ee882,b659a90b7fc4399c40cb16efd86ee882
b681057937f9a225667b813c7af27027,b681057937f9a225667b813c7af27027
b6bfdaf3a76b6874be3f1e3a5cccc9fb,b6bfdaf3a76b6874be3f1e3a5cccc9fb
b6c390cf30a1f381155e3e4af4d9e951,b6c390cf30a1f381155e3e4af4d9e951
b6efdfe8ea3f19b0b6cfaa94eb6e6cb1,b6efdfe8ea3f19b0b6cfaa94eb6e6cb1
b744af5282a083a177f070c364eb60f1,b744af5282a083a177f070c364eb60f1
b791208a1faf797bc2d7da4bb2216af1,b791208a1faf797bc2d7da4bb2216af1
b82b413388b8bf37af30ea52510b55b4,b82b413388b8bf37af30ea52510b55b4
b85e88935d8123769e2b29818ad63ca2,b85e88935d8123769e2b29818ad63ca2
b88679b6a330a2a3238904b9814ecfdc,b88679b6a330a2a3238904b9814ecfdc
b8a6ea6278a94846f4e33c5e388aa34e,b8a6ea6278a94846f4e33c5e388aa34e
b8caafad90b3c3275fed7b9b54b38d53,b8caafad90b3c3275fed7b9b54b38d53
b98f5084f457d093c2c0171306c09bdb,b98f5084f457d093c2c0171306c09bdb
b9d5907f4913a04164bc799346e90f59,b9d5907f4913a04164bc799346e90f59
ba4c0bbc3d7a0678b3a9d290ebb0f1dd,ba4c0bbc3d7a0678b3a9d290ebb0f1dd
bac349ccae3a026a57156971409a3713,bac349ccae3a026a57156971409a3713
bad42b378c7aa0320cc2dc950b28adb8,bad42b378c7aa0320cc2dc950b28adb8
baf7e3d382c7fbc3d07653233bfc189c,baf7e3d382c7fbc3d07653233bfc189c
bb6d8e5e6ac4550e76be1a864f536fe1,bb6d8e5e6ac4550e76be1a864f536fe1
bbcdb990c3a58a30ceecc4e77f601e75,bbcdb990c3a58a30ceecc4e77f601e75
bc08ce2bed06aabf455fff24f462fdb7,bc08ce2bed06aabf455fff24f462fdb7
bc57247b9087c7e754feb1897600a052,bc57247b9087c7e754feb1897600a052
bca2cebed5da4c37cf96e2045c4cb811,bca2cebed5da4c37cf96e2045c4cb811
bcebf5f255cb43b6ecd45b11e7c78900,bcebf5f255cb43b6ecd45b11e7c78900
bd2079ad0184be2cebcdf6e6d5e962f3,bd2079ad0184be2cebcdf6e6d5e962f3
bd4d60927af5ee1a6018bcd67e823dbc,bd4d60927af5ee1a6018bcd67e823dbc
bde950fc471179b716db17bca570cc0a,bde950fc471179b716db17bca570cc0a
be0b0ea57b670c66d99bae0bce4f377e,be0b0ea57b670c66d99bae0bce4f377e
beabcb5c6c6ceb019089d7f1171df3d7,beabcb5c6c6ceb019089d7f1171df3d7
bee8e24ac1ed133c3a8dedb2f0834ed2,bee8e24ac1ed133c3a8dedb2f0834ed2
c01c7f41ca0aee0fe3da0ae5c76494be,c01c7f41ca0aee0fe3da0ae5c76494be
c12f770ce9a501c46feb5331cc0d97ad,c12f770ce9a501c46feb5331cc0d97ad
c135190d5da45f04e97c7a4afec2ca40,c135190d5da45f04e97c7a4afec2ca40
c15291fe45903dccd50ee60db8ae6794,c15291fe45903dccd50ee60db8ae6794
c1b6ec7647c50414b15dea9b1bb3c668,c1b6ec7647c50414b15dea9b1bb3c668
c1d92fb6c0f5c9c8c19c7aba14c4b167,c1d92fb6c0f5c9c8c19c7aba14c4b167
c1dc353f594630cb9b62061aa35d3f9f,c1dc353f594630cb9b62061aa35d3f9f
c248d5c735a8d7d639961f64ef504665,c248d5c735a8d7d639961f64ef504665
c2772e045538083921405f72834feb81,c2772e045538083921405f72834feb81
c29eca657b455a70e8dd265ac4ef8169,c29eca657b455a70e8dd265ac4ef8169
c32197216ff2a61c525847dc1bef2eb7,c32197216ff2a61c525847dc1bef2eb7
c3435ce3970f1138075cf2a85feffc20,c3435ce3970f1138075cf2a85feffc20
c3af58bf79a41466db5f23dfcf7b3566,c3af58bf79a41466db5f23dfcf7b3566
c409e730b535bcb29c65571d00f922bb,c409e730b535bcb29c65571d00f922bb
c469771c16a0b0ce917af52e656704ff,c469771c16a0b0ce917af52e656704ff
c472b7f0e4a8bad365f0415c6fe75894,c472b7f0e4a8bad365f0415c6fe75894
c4fd55e1773939df364bf11db6c214fc,c4fd55e1773939df364bf11db6c214fc
c55f23630d9d6542f3694f77b617111c,c55f23630d9d6542f3694f77b617111c
c6132d5a58c7846d4dc1bd39c0239c7b,c6132d5a58c7846d4dc1bd39c0239c7b
c63246589fb0ceb33d06f76a183a6b33,c63246589fb0ceb33d06f76a183a6b33
c6382d0eaf2895165e91cce37de6be1c,c6382d0eaf2895165e91cce37de6be1c
c6405ce31f480938cae7a36aeac5ecec,c6405ce31f480938cae7a36aeac5ecec
c6d966e33f3c9709b6c96bab116005aa,c6d966e33f3c9709b6c96bab116005aa
c6f7c8fe161d7871263525cb923fccb1,c6f7c8fe161d7871263525cb923fccb1
c73bf8328a503694e95be5d7a76ab827,c73bf8328a503694e95be5d7a76ab827
c75730e7314eb71eec56b2e27dcc5968,c75730e7314eb71eec56b2e27dcc5968
c7683cff6b62960c06340020eab763b4,c7683cff6b62960c06340020eab763b4
c7b1c78d89ba13ebb8b7a11b6d3cae6d,c7b1c78d89ba13ebb8b7a11b6d3cae6d
c7c8dd17996e81fc0e4ace89e6a83ca0,c7c8dd17996e81fc0e4ace89e6a83ca0
c8bbdbf72235f918036b7a59280dd2e9,c8bbdbf72235f918036b7a59280dd2e9
c8bbf3581482a550a7e6b399feb0841b,c8bbf3581482a550a7e6b399feb0841b
c91fc306ebb11b4eac765bc832779594,c91fc306ebb11b4eac765bc832779594
c95e68ec4a859d6316574dbc954618b3,c95e68ec4a859d6316574dbc954618b3
c9654d510678509626e3ca4f5ef391fa,c9654d510678509626e3ca4f5ef391fa
c9b8b27291a825f1316ae4e497745f99,c9b8b27291a825f1316ae4e497745f99
ca04739234e8d67f600241c723478868,ca04739234e8d67f600241c723478868
ca1e032244a3da895b16ef0d5f4e36a6,ca1e032244a3da895b16ef0d5f4e36a6
ca5d988217e2fae7455056a11074a81f,ca5d988217e2fae7455056a11074a81f
ca691b7792a2efd842a28e8c4edb8528,ca691b7792a2efd842a28e8c4edb8528
caf371910ecd11cd68a035341c1413b9,caf371910ecd11cd68a035341c1413b9
cb194334a7e12ba0854337b1ecb8b850,cb194334a7e12ba0854337b1ecb8b850
cb822258cba2f0d714875e1a084ab06a,cb822258cba2f0d714875e1a084ab06a
cb8ba0fe60dcbf70ca0b0463006589a9,cb8ba0fe60dcbf70ca0b0463006589a9
cb928171d61d9aa052ab8d5cc63a0f43,cb928171d61d9aa052ab8d5cc63a0f43
cba8928a674ece00b1457d4dfff99750,cba8928a674ece00b1457d4dfff99750
cbbb5fed907bd8f61278d044b3e30df6,cbbb5fed907bd8f61278d044b3e30df6
cbbf177d7657c6e03eafa2c641bd8ae3,cbbf177d7657c6e03eafa2c641bd8ae3
cc9e02564c2dd5845b62f6a050e96d33,cc9e02564c2dd5845b62f6a050e96d33
cccb39faaec63e6c98d1b4e4766e7b0b,cccb39faaec63e6c98d1b4e4766e7b0b
cce3c66c37f10c8fa2e562ca07d2d2c9,cce3c66c37f10c8fa2e562ca07d2d2c9
cd1c02e334992b0cf9c3c667ec4c59a5,cd1c02e334992b0cf9c3c667ec4c59a5
cd4787547044e4aa1b35ae6de745f5b3,cd4787547044e4aa1b35ae6de745f5b3
cd83ab92c3799edf7429ce4b1b56a64b,cd83ab92c3799edf7429ce4b1b56a64b
cded62711d4990cb866ae54583171caf,cded62711d4990cb866ae54583171caf
ce3106a7bd93b4cb2eb7f103148fc714,ce3106a7bd93b4cb2eb7f103148fc714
cea81e31a6998c38e91342db08a0bbda,cea81e31a6998c38e91342db08a0bbda
ceb6d785d848ef1e45c7d247444b8ad2,ceb6d785d848ef1e45c7d247444b8ad2
cece3235952c29a2e9e5f41025c33d6e,cece3235952c29a2e9e5f41025c33d6e
cf0ac3cfda18811151154a6d7a97d731,cf0ac3cfda18811151154a6d7a97d731
cf3c8eff7d18c4b2a722542d2048d309,cf3c8eff7d18c4b2a722542d2048d309
cf94e764e88c23669dfc5097268f1ab7,cf94e764e88c23669dfc5097268f1ab7
cfe4880b1fcd8d4f212a6f9995884c60,cfe4880b1fcd8d4f212a6f9995884c60
d04de70c387e7737614d80cbc9286bb5,d04de70c387e7737614d80cbc9286bb5
d0fc04020c38385c5c0fba11c6060a48,d0fc04020c38385c5c0fba11c6060a48
d14c405858aa6040c1a9ffd281a03324,d14c405858aa6040c1a9ffd281a03324
d1686117145b658f5c03282c1d851291,d1686117145b658f5c03282c1d851291
d17f5ea3243d3a47314ff50ce6724bf9,d17f5ea3243d3a47314ff50ce6724bf9
d18b0270d473f374b3c6e2f55a3cde81,d18b0270d473f374b3c6e2f55a3cde81
d247c9d2322deb6ca1f137fe933333f8,d247c9d2322deb6ca1f137fe933333f8
d24f209e92e259eeb0259aa5f04f4315,d24f209e92e259eeb0259aa5f04f4315
d292b2c86eb921d5bc7f6745dd706067,d292b2c86eb921d5bc7f6745dd706067
d295172c9bbe5527d9cf75ef2d3a13d9,d295172c9bbe5527d9cf75ef2d3a13d9
d2fdb346f7072f381cf979a0bf07f2a7,d2fdb346f7072f381cf979a0bf07f2a7
d344927027abe149dac1d5e280a72f1b,d344927027abe149dac1d5e280a72f1b
d351458c6dc61e9aca903eb7a18381db,d351458c6dc61e9aca903eb7a18381db
d43aea5e708c15eae70b1b87815efd9a,d43aea5e708c15eae70b1b87815efd9a
d48d2b6df41ee649d19d81c93b6a58d7,d48d2b6df41ee649d19d81c93b6a58d7
d4bcb2cb31c9b8848583fe16d808e966,d4bcb2cb31c9b8848583fe16d808e966
d52fcb73c451c3fe228e9833dc5e7a5f,d52fcb73c451c3fe228e9833dc5e7a5f
d539e3b0f933e15e322aafd86cee7e32,d539e3b0f933e15e322aafd86cee7e32
d5581300938da6aec26bcd81b8af5f3b,d5581300938da6aec26bcd81b8af5f3b
d6189bd1e21379c7c1fdcdadf43c6581,d6189bd1e21379c7c1fdcdadf43c6581
d666c07f577d7bfd868049648d3f8ab0,d666c07f577d7bfd868049648d3f8ab0
d6cff2ee1ef85f70e2b0b8e9fef40d1f,d6cff2ee1ef85f70e2b0b8e9fef40d1f
d72476e815076579f4620dac3a52a1fe,d72476e815076579f4620dac3a52a1fe
d81ff35e80ce68d34a406cfa5e74d1d7,d81ff35e80ce68d34a406cfa5e74d1d7
d871062aaf5339c2fe6015deb9b2733b,d871062aaf5339c2fe6015deb9b2733b
d89942da62a46551236e970623848f3e,d89942da62a46551236e970623848f3e
d8bbf875ae5a934e83bb2cd6f58d14ff,d8bbf875ae5a934e83bb2cd6f58d14ff
d9863ddf9bfebeb98ebb557d074852b1,d9863ddf9bfebeb98ebb557d074852b1
d9aa1175f849c0d121b1a81b0999fc69,d9aa1175f849c0d121b1a81b0999fc69
da20ad5c26e1b2f6a0e48d13aa718931,da20ad5c26e1b2f6a0e48d13aa718931
da2b42f747d0be40602400988bb4d54d,da2b42f747d0be40602400988bb4d54d
da34cbb3cdee782c014e8aea481af649,da34cbb3cdee782c014e8aea481af649
da60c5416dfd6e8349c9596d5de76c03,da60c5416dfd6e8349c9596d5de76c03
db00249349026de04aebd8093b1c81a5,db00249349026de04aebd8093b1c81a5
db0a6eb5bb4d2a493a7c058f5eb98170,db0a6eb5bb4d2a493a7c058f5eb98170
db31cec9073d1ce524933a2e45ee311b,db31cec9073d1ce524933a2e45ee311b
db5874d3ae8e10bae66f75bf0a84e582,db5874d3ae8e10bae66f75bf0a84e582
dbafa1bfd21022d54fa5d27c55368166,dbafa1bfd21022d54fa5d27c55368166
dbc8d4f2c93fb34e88ab540ed97debac,dbc8d4f2c93fb34e88ab540ed97debac
dbec1837c2411c35423a2420a66c77a1,dbec1837c2411c35423a2420a66c77a1
dc6e5cf1f264aa13142e66de7c8e088b,dc6e5cf1f264aa13142e66de7c8e088b
dc6ebc6c944a943937686dbe384c981e,dc6ebc6c944a943937686dbe384c981e
dc9138d8c9b5561a69a5c5d0667c1f3e,dc9138d8c9b5561a69a5c5d0667c1f3e
dcc04fe233100a91fc899d9f7ed8a31b,dcc04fe233100a91fc899d9f7ed8a31b
dd07b4e25a98a8645b7ca033e48c28a1,dd07b4e25a98a8645b7ca033e48c28a1
df06e066fd2a507a663ba01178328b9f,df06e066fd2a507a663ba01178328b9f
df1e31b4783b70e0540953a4fe9b44d0,df1e31b4783b70e0540953a4fe9b44d0
df92aada3c7550551bcb32db8be87be6,df92aada3c7550551bcb32db8be87be6
dfe66dcd13f64123b08bd5ade8dc0a4e,dfe66dcd13f64123b08bd5ade8dc0a4e
e0095e6d980344a15ac9e33d88e675e1,e0095e6d980344a15ac9e33d88e675e1
e0ed3320c9363d364aa858bb1d20fdbe,e0ed3320c9363d364aa858bb1d20fdbe
e12c8bff22ee917602f6a8ef07952f10,e12c8bff22ee917602f6a8ef07952f10
e1874200695bf5ec7ec9555d4dde9eb2,e1874200695bf5ec7ec9555d4dde9eb2
e198cba315724d43635a5fed1857388c,e198cba315724d43635a5fed1857388c
e201f698c52937267d9d44dfe3f6373c,e201f698c52937267d9d44dfe3f6373c
e259578ae291d99cdca0287db7cf954b,e259578ae291d99cdca0287db7cf954b
e25fde990add1fceedd8f32523680a65,e25fde990add1fceedd8f32523680a65
e280e5b0cc92b5783a2c7b33187c95d8,e280e5b0cc92b5783a2c7b33187c95d8
e2cb94f9f73ac9a669f6cd07fafb00ee,e2cb94f9f73ac9a669f6cd07fafb00ee
e30f67951a25e019a8b0ad3c2a3af18c,e30f67951a25e019a8b0ad3c2a3af18c
e3358957e43101360f13d328cf3f8cc8,e3358957e43101360f13d328cf3f8cc8
e3aeceb5d6560404eba3a5d73bbd0164,e3aeceb5d6560404eba3a5d73bbd0164
e3da0b870a89878cacd9ea4b09fcf75a,e3da0b870a89878cacd9ea4b09fcf75a
e423c812b50a36f2210daa844c0accf4,e423c812b50a36f2210daa844c0accf4
e441af4150789b05b81df5aed9f2706c,e441af4150789b05b81df5aed9f2706c
e4a8bc4a449927a6785b368cb9f0f5b9,e4a8bc4a449927a6785b368cb9f0f5b9
e4e9b3afbe83113bde0e5a0515531463,e4e9b3afbe83113bde0e5a0515531463
e50e4f0cc5a4e7f5f14fdaa34a7286d2,e50e4f0cc5a4e7f5f14fdaa34a7286d2
e511cdaa480fae090f459e4056364826,e511cdaa480fae090f459e4056364826
e557bb85eabc1d61bcd89c3752ab47f6,e557bb85eabc1d61bcd89c3752ab47f6
e5604cf0c3a00e3e95365b8bc7ac6b02,e5604cf0c3a00e3e95365b8bc7ac6b02
e56cabdff060fae896140f0fe9caa52b,e56cabdff060fae896140f0fe9caa52b
e5963911f4ac61c8ba22d3495e549986,e5963911f4ac61c8ba22d3495e549986
e5c0ba3d495f49a0ef3c9ce66f8c107f,e5c0ba3d495f49a0ef3c9ce66f8c107f
e604e1cb5706ddd0aae53f0de372511e,e604e1cb5706ddd0aae53f0de372511e
e6a7d7e18809260559cc9efabed1fa1c,e6a7d7e18809260559cc9efabed1fa1c
e6c9dcc42a3f11e99ebce33ec542b538,e6c9dcc42a3f11e99ebce33ec542b538
e6d12295815c3313252ce98e41e3c93f,e6d12295815c3313252ce98e41e3c93f
e6fcf352dfa63ac4a2dcd8e0f95e0bb0,e6fcf352dfa63ac4a2dcd8e0f95e0bb0
e76196b685eb4f0563996e6324d2423a,e76196b685eb4f0563996e6324d2423a
e7cd5ed3ac74b91edabd83e962b4cdd1,e7cd5ed3ac74b91edabd83e962b4cdd1
e7db00c4343f52eb6c550f289e186fb3,e7db00c4343f52eb6c550f289e186fb3
e7ff13b648d537d89d19edc8509794ee,e7ff13b648d537d89d19edc8509794ee
e838a47ef76e33eddc3b5e8a886c32c3,e838a47ef76e33eddc3b5e8a886c32c3
e87331845131f299838b916fa62a25d0,e87331845131f299838b916fa62a25d0
e88923beec10c88ac65827e567b8b5e6,e88923beec10c88ac65827e567b8b5e6
e9216d6ceaac6e4a676dd4e8f2ce96d2,e9216d6ceaac6e4a676dd4e8f2ce96d2
e94bb3c76f3da5ff1fb6e043387732e0,e94bb3c76f3da5ff1fb6e043387732e0
e96b3626a42b05fe896aa0a96d6dee17,e96b3626a42b05fe896aa0a96d6dee17
e9ade036a9350628bfac659a8fd807b2,e9ade036a9350628bfac659a8fd807b2
e9ccabd4695d826cf83755669cbd77c9,e9ccabd4695d826cf83755669cbd77c9
e9e124a91473f08181b3b53c65c17432,e9e124a91473f08181b3b53c65c17432
ea08066a62dc0a76dae4feec25d2d7d3,ea08066a62dc0a76dae4feec25d2d7d3
ea0ad2e71e3dbc8d4fccf7ca6d666f1d,ea0ad2e71e3dbc8d4fccf7ca6d666f1d
eaa655dcc68b4f483cc01047147ace10,eaa655dcc68b4f483cc01047147ace10
eb6779584fd5ca2f1d8e9f2fbbeebf8e,eb6779584fd5ca2f1d8e9f2fbbeebf8e
eb7658ac279c7b4373a9857adde81b5a,eb7658ac279c7b4373a9857adde81b5a
ebf4e7baded406a362c01daf0f72d081,ebf4e7baded406a362c01daf0f72d081
ec078170fd213cace418eb70c38d55fa,ec078170fd213cace418eb70c38d55fa
ec18a133b308922dd8f55f0e6d3d25ea,ec18a133b308922dd8f55f0e6d3d25ea
ec2474bd8093a20ae41a6d5780a6ed23,ec2474bd8093a20ae41a6d5780a6ed23
ec4058c500c6ac92144901fb268b08e1,ec4058c500c6ac92144901fb268b08e1
ecb3fb99cee3f7d48ed00874619ac256,ecb3fb99cee3f7d48ed00874619ac256
ecc3c4294f722dcdf1c71346a25ba1c4,ecc3c4294f722dcdf1c71346a25ba1c4
eccfbcdf76b952575ea32ecbde742f16,eccfbcdf76b952575ea32ecbde742f16
ecf3c20fa1796ecd6d5ed0152ce9c85d,ecf3c20fa1796ecd6d5ed0152ce9c85d
ecf9d9462f9461f8fb983dbc2e383cf2,ecf9d9462f9461f8fb983dbc2e383cf2
edeef5aa4aa4311be3a6ee0f2ef2bd62,edeef5aa4aa4311be3a6ee0f2ef2bd62
ee1728f394d9ddc918402ae7e066360a,ee1728f394d9ddc918402ae7e066360a
ee44fe6ac09e054b0f71db8e9d6d6975,ee44fe6ac09e054b0f71db8e9d6d6975
ee64d7145757138db01379463d6ff3ed,ee64d7145757138db01379463d6ff3ed
ee7751666044155cf78a8b7a1e705348,ee7751666044155cf78a8b7a1e705348
eec24708c91e690bf76fe5b8bc088684,eec24708c91e690bf76fe5b8bc088684
eecae1095649fec7bf88d23849300bf4,eecae1095649fec7bf88d23849300bf4
eedb4528735b721a8608573240a736cb,eedb4528735b721a8608573240a736cb
ef0984696525bc8eca7bbec25a5f8f00,ef0984696525bc8eca7bbec25a5f8f00
ef61b6d9e2db0fd5812b7f5d2363dc35,ef61b6d9e2db0fd5812b7f5d2363dc35
f0058147a31fe2ed2e7f24ff600e60df,f0058147a31fe2ed2e7f24ff600e60df
f043d711f07924fda14741803e45d9aa,f043d711f07924fda14741803e45d9aa
f088014ffd6d5e89ad8dde3b8ce04e4c,f088014ffd6d5e89ad8dde3b8ce04e4c
f08884fd4521e9b1a546d8747a8236a9,f08884fd4521e9b1a546d8747a8236a9
f098d2a75b715ba866f4d27c7c76fdee,f098d2a75b715ba866f4d27c7c76fdee
f0e5e00f2c9a80dd397ee6c0d483f055,f0e5e00f2c9a80dd397ee6c0d483f055
f10a3b3a3469017348fd1886af1403ab,f10a3b3a3469017348fd1886af1403ab
f140fc3996e6538769be2ed478c56078,f140fc3996e6538769be2ed478c56078
f15bc84c18f9533702697052041c29d9,f15bc84c18f9533702697052041c29d9
f167890726a362d7899c174b184a46db,f167890726a362d7899c174b184a46db
f1fb91f65453066485420c22ff1f1fed,f1fb91f65453066485420c22ff1f1fed
f2170a9567780cfd67a10e0c44bd8634,f2170a9567780cfd67a10e0c44bd8634
f23ef77ba69e5ffd0eec71c81e8c8634,f23ef77ba69e5ffd0eec71c81e8c8634
f27e51068b2021878762014175fb3697,f27e51068b2021878762014175fb3697
f2a2f464a84308c16d9b86a6579a4737,f2a2f464a84308c16d9b86a6579a4737
f2df24cc20121474e65dfb29f0237e38,f2df24cc20121474e65dfb29f0237e38
f31e0dcfcbd0ae1bd270532cc7878861,f31e0dcfcbd0ae1bd270532cc7878861
f34537117a5c5e37c18032c76652733c,f34537117a5c5e37c18032c76652733c
f3476af3bb26647703658316179d681f,f3476af3bb26647703658316179d681f
f366cda7cd649a2dca30da124d57817a,f366cda7cd649a2dca30da124d57817a
f37703eb226dfe5909288ff8d6ff5da1,f37703eb226dfe5909288ff8d6ff5da1
f3d9d5c52926daae2fd4eb275a121c6b,f3d9d5c52926daae2fd4eb275a121c6b
f40156a1de940b65605ef51cca64a3e7,f40156a1de940b65605ef51cca64a3e7
f49a1fc3f6b836b8a77dd08d2bbdcba2,f49a1fc3f6b836b8a77dd08d2bbdcba2
f4a752c4b18654e99ec36955ced7186d,f4a752c4b18654e99ec36955ced7186d
f4c617093e8c6ae6e6d29fe881915acf,f4c617093e8c6ae6e6d29fe881915acf
f5399a80ebbb56e153c5348559f64aae,f5399a80ebbb56e153c5348559f64aae
f57f9c1721fc1d68aea9ee3d69a7ba7d,f57f9c1721fc1d68aea9ee3d69a7ba7d
f585b74d882f379273b79a4ea893e4f9,f585b74d882f379273b79a4ea893e4f9
f58e2ad55fcf0d511ca632830ac08cad,f58e2ad55fcf0d511ca632830ac08cad
f5a13d09e1e036a02e8dd252447c2f5d,f5a13d09e1e036a02e8dd252447c2f5d
f6061f91eee49941ed74078cedafa4c7,f6061f91eee49941ed74078cedafa4c7
f6cb82be770bfe2684ae8a12be7eebe3,f6cb82be770bfe2684ae8a12be7eebe3
f726c47024b427c71cde3381a1a980a8,f726c47024b427c71cde3381a1a980a8
f776cb42ba0eba6b03b385034802953b,f776cb42ba0eba6b03b385034802953b
f778435ff2c9c722f83e2f46fd1bb5de,f778435ff2c9c722f83e2f46fd1bb5de
f782edd7690ab0d52b7d6059601f4a66,f782edd7690ab0d52b7d6059601f4a66
f7f8b88b267671d25bed69fcb00ff297,f7f8b88b267671d25bed69fcb00ff297
f7fb7cbc626c7468c6fcbe02dbcb4df3,f7fb7cbc626c7468c6fcbe02dbcb4df3
f80a59f5de1b378dc02ce3b52983f295,f80a59f5de1b378dc02ce3b52983f295
f83b4941c99951a7dc9f48d6ff4cdc1a,f83b4941c99951a7dc9f48d6ff4cdc1a
f8beff229a03d9be3c4bc4db4b88013b,f8beff229a03d9be3c4bc4db4b88013b
f9164fa03b0f5cf4f33d60d5a3145341,f9164fa03b0f5cf4f33d60d5a3145341
f91ea98f7f43f2cd62149632e06d793f,f91ea98f7f43f2cd62149632e06d793f
f95673583fb83920f748057b2c5371b7,f95673583fb83920f748057b2c5371b7
f974e0096e26a876b7f440516fedde97,f974e0096e26a876b7f440516fedde97
f98b32b8df8a5860bde2f9ac46150cfc,f98b32b8df8a5860bde2f9ac46150cfc
f995d24b73f8ad83dff2487bb1eccca4,f995d24b73f8ad83dff2487bb1eccca4
fa081df698491f97d82ab891d0abf906,fa081df698491f97d82ab891d0abf906
fa22f92e9cabb6900cf46918ae50c144,fa22f92e9cabb6900cf46918ae50c144
fa5609f10caee81bd9b4c5ff00e93fa9,fa5609f10caee81bd9b4c5ff00e93fa9
faccb4c53a2f9f86f822cdf8d5d932a7,faccb4c53a2f9f86f822cdf8d5d932a7
fb03efd7751c325278eb41b15183eeeb,fb03efd7751c325278eb41b15183eeeb
fbafb29f8a59c96f95971848827ad779,fbafb29f8a59c96f95971848827ad779
fbb4e15dfeb6ed703f8fd81b9f5f1173,fbb4e15dfeb6ed703f8fd81b9f5f1173
fbba6ab09b82373634157ae84dbc6668,fbba6ab09b82373634157ae84dbc6668
fc5ad31bd67c75befece2f4c4919cb5a,fc5ad31bd67c75befece2f4c4919cb5a
fc65e3bbafd87fd4726a5e83832585e3,fc65e3bbafd87fd4726a5e83832585e3
fccf55172fafd501e17452bd4aa0c10e,fccf55172fafd501e17452bd4aa0c10e
fcf844aacf931d4da4cbe82e9586b0c0,fcf844aacf931d4da4cbe82e9586b0c0
fd15c2163fb21df3a091cadc98dfb479,fd15c2163fb21df3a091cadc98dfb479
fd1646569c214731311abf34aeed18c2,fd1646569c214731311abf34aeed18c2
fd1b2f8034a31ac26ef769ad08907368,fd1b2f8034a31ac26ef769ad08907368
fd339c773691e675eb67be3f72ac3e27,fd339c773691e675eb67be3f72ac3e27
fd60711c4fee30cb299ab3ecc6c3b366,fd60711c4fee30cb299ab3ecc6c3b366
fd77bbee1087f1645ca9af3cbb995666,fd77bbee1087f1645ca9af3cbb995666
fdce9bb6d42f06499ca8ccea2480b5ff,fdce9bb6d42f06499ca8ccea2480b5ff
fdd6b6912eb41630b45ce6fc258812fe,fdd6b6912eb41630b45ce6fc258812fe
fe3f51d670cb2eda32156d588079a753,fe3f51d670cb2eda32156d588079a753
fe637a8eb64a6c573d6c9347a826d086,fe637a8eb64a6c573d6c9347a826d086
fe7eb8bf8d006942db0281ada635a8ef,fe7eb8bf8d006942db0281ada635a8ef
fe8ac1ed596de836232d8937f2d2a5e8,fe8ac1ed596de836232d8937f2d2a5e8
fea6bcbcc9e98b4bfe5714699fcab8b3,fea6bcbcc9e98b4bfe5714699fcab8b3
fefc2d2f3d64db1aa56935fc1495b136,fefc2d2f3d64db1aa56935fc1495b136
ff2e0a7d2213d2f4aa7a5a085033cf1e,ff2e0a7d2213d2f4aa7a5a085033cf1e
ff6b63904e7daa60d6a4ef9d7b3ce1ae,ff6b63904e7daa60d6a4ef9d7b3ce1ae
ffb920f0b8d4f5de600fd9c72f8907a4,ffb920f0b8d4f5de600fd9c72f8907a4
fff389d84a3e2cc033d2390e97ab1c62,fff389d84a3e2cc033d2390e97ab1c62
